商品名称,规格,价格,评论数,商品链接
亚太森博快乐考拉A4纸70g500张*5包一箱办公用纸 顺滑打印 高性价比复印纸2500张整箱【造纸源头厂牌】,70g A4 每箱5包 每包500张,81,5万+,https://item.jd.com/100105876482.html
绘威A4打印纸70g500张5包复印纸双面加厚草稿纸 打印书写绘画,70g A4 每箱5包 每包500张,146,2万+,https://item.jd.com/100106882772.html
新绿天章A4纸白纸复印纸打印复印纸500张2500张70g5包80克5包整箱 天章新绿天章70克A4-5包,70g A4 每箱5包 每包500张,101.63,100+,https://item.jd.com/10083731757942.html
天章 （TANGO）新橙天章A4打印纸70g500张*5包双面打印复印纸顺滑不卡纸高性价比 整箱2500张【明星品质款】,70g A4 每箱5包 每包500张,85,200万+,https://item.jd.com/1255826.html
齐心（COMIX）齐心(Comix)利捷70gA4复印纸打印纸A4纸500张/包5包/箱（2500张） C3874-5,70g A4 每箱5包 每包500张,86,100万+,https://item.jd.com/2099965.html
得力（deli）得力A4纸打印复印纸70g白纸80g单包一包500张整箱5包一箱a4打印纸 【新品上市】凯锐70g整箱5包2500张,70g A4 每箱5包 每包500张,144.74,20,https://item.jd.com/10095065220844.html
真彩A4纸打印纸复印纸a4单包500张1包80克a3整箱5包装1箱70克草稿纸学 真彩A4纸-70g-100张/1小包,70g A4 每箱5包 每包500张,11,6,https://item.jd.com/10095414093801.html
亚太森博拷贝可乐A4打印纸70g500张*5包双面打印不透印 字迹清晰复印纸整箱2500张【专业造纸厂牌】,70g A4 每箱5包 每包500张,82,200万+,https://item.jd.com/1407984.html
见深飞派70gA4纸复印纸打印纸A4纸500张/包双面打印复印纸不卡纸70g5包/箱,70g A4 每箱5包 每包500张,76,100+,https://item.jd.com/10095792235446.html
晨光打印纸复印纸a4纸70g单包500张草稿纸学生办公用纸80g蓝晨光 70克 蓝晨光A45包/箱,70g A4 每箱5包 每包500张,105,1000+,https://item.jd.com/10073542553485.html
DOUBLE A达伯埃 打印纸复印纸草稿白纸张白纸批发办公用品 达伯埃A470g一箱【5包】（2500张）,70g A4 每箱5包 每包500张,141,100+,https://item.jd.com/10133876275222.html
DELI得力珊瑚海A4纸打印复印纸70g克单包500张办公用纸80g整箱得力随机款70克A4一箱5包整箱250,70g A4 每箱5包 每包500张,170,0,https://item.jd.com/10153540101291.html
亚太森博(AsiaSymbol)派部落A4打印纸70g500张*5包顺滑不卡纸双面复印纸高性价比 整箱2500张【明星爆款】,70g A4 每箱5包 每包500张,81.9,200万+,https://item.jd.com/100002399447.html
美衣羊A4纸打印复印纸70克80克500张白纸静电复印纸70g80g整箱5包恒心好印70克2500张,70g A4 每箱5包 每包500张,190,4,https://item.jd.com/10102462174129.html
美衣羊A4纸打印复印纸70克80克500张白纸静电复印纸70g80g整箱5包金多夫70克2500张,70g A4 每箱5包 每包500张,190,4,https://item.jd.com/10102462174120.html
齐心（COMIX）齐心(Comix)尚典70gA4复印纸打印纸A4纸500张/包5包/箱（2500张） CB3174-5,70g A4 每箱5包 每包500张,83,50万+,https://item.jd.com/100002624301.html
得力(deli)白令海A4打印纸70g克500张*5包一箱双面复印纸高性 店铺热销 白令海【70g】常规款 10包/箱5000张【囤货款】,70g A4 每箱5包 每包500张,245,16,https://item.jd.com/10094628317846.html
亚太森博红拷贝可乐A4纸70g500张*5包一箱办公用纸 双面多功能复印纸2500张整箱【专业造纸厂牌】,70g A4 每箱5包 每包500张,82.3,20万+,https://item.jd.com/100004885867.html
DELI得力珊瑚海A4纸打印复印纸70g克单包500张办公用纸80g整箱得力随 得力随机款70克A4一箱5包整箱250,70g A4 每箱5包 每包500张,140,0,https://item.jd.com/10153547789928.html
美衣羊适用a4打印纸A4复印纸整箱5包装打印白纸70g纸500张a4纸打印用纸80g办公用草稿纸学生用一箱1730 热卖款A480g整箱10包,70g A4 每箱5包 每包500张,400,5,https://item.jd.com/10102458626734.html
DOUBLE A AA打印纸复印纸A4纸达伯埃a3办公用纸70g80克90gA5纸500张/包Double aA4-70g5包装整箱,70g A4 每箱5包 每包500张,123.5,56,https://item.jd.com/10139293783265.html
齐心（COMIX）齐心(Comix)利捷70gA4复印纸打印纸A4纸500张/包5包/箱（2500张） C3874-5,70g A4 每箱5包 每包500张,86,100万+,https://item.jd.com/2099965.html
得力（deli）塞纳河A4复印纸70g500张*5包一箱商务用纸 整箱2500张7481,70g A4 每箱5包 每包500张,115,0,https://item.jd.com/100213457134.html
得力（deli）帛尚复印纸70gA4双面多功能打印纸办公学习书写草稿纸整箱2500张500张*5包,70g A4 每箱5包 每包500张,107,0,https://item.jd.com/100117541189.html
旗舰蓝旗舰（Blue FLAGSHIP） 五星旗舰 蓝旗舰打印纸复印纸整箱70g-A4-5包装（2500张）,70g A4 每箱5包 每包500张,123,500+,https://item.jd.com/64818415832.html
天章 （TANGO）天章风A4纸打印纸70g500张*5包双面打印复印纸顺滑畅打高性价比 整箱2500张【国潮品质款】,70g A4 每箱5包 每包500张,81.9,50万+,https://item.jd.com/2870438.html
得力（deli）木尚复印纸A470g500张*5包一箱打印纸 整箱2500张Z7502,70g A4 每箱5包 每包500张,114,0,https://item.jd.com/100211990350.html
得力（deli）标王A4双面复印纸70g500张*5包一箱作业打印纸 整箱2500张3571,70g A4 每箱5包 每包500张,125,0,https://item.jd.com/100166078259.html
蓝旗舰（Blue FLAGSHIP）复印纸A470g500张/包5包/箱,70g A4 每箱5包 每包500张,174,0,https://item.jd.com/100215011650.html
得力（deli）绿柏A4复印纸70g500张*5包一箱多用途复印纸整箱2500张Z7546,70g A4 每箱5包 每包500张,115,0,https://item.jd.com/100211989982.html
德仕通(dston) 多功能办公复印纸双面打印纸 白色打印纸500张/包5包/箱A4-70g单包装500张,70g A4 每箱5包 每包500张,25,200+,https://item.jd.com/10140710371426.html
得力Deli/得力木尚A4纸办公打印纸70g2500张210*297mm白纸草稿纸复印纸Z7502/5包装（2500张）,70g A4 每箱5包 每包500张,218,0,https://item.jd.com/100121878047.html
晨光（M&G）蓝晨光复印纸70gA4500张*5包双面多功能打印纸办公学习书写草稿纸整箱2500张,70g A4 每箱5包 每包500张,107,0,https://item.jd.com/100140713722.html
美衣羊A4纸打印复印纸70g/80g单包500张一包实惠装白纸a4草稿纸学生用整箱5包装一箱a四纸办公用品特价福利A470g200张,70g A4 每箱5包 每包500张,18,0,https://item.jd.com/10110345721341.html
得力7401 莱茵河系列复印纸双面打印纸绘图标签纸 高品质办公用纸 A4/70g500张/包【5包/箱】,70g A4 每箱5包 每包500张,132.4,0,https://item.jd.com/100153836957.html
得力打印纸绿柏红柏A4复印纸70克单包500张办公打印机用纸 ZF722红柏复印纸A4-70g-5包(5包/箱),70g A4 每箱5包 每包500张,187.32,0,https://item.jd.com/100152164589.html
晨光（M&G）A4打印纸复印纸一箱办公打印用纸整箱5包2500张批发 【办公推荐】70g一箱（2500张）,70g A4 每箱5包 每包500张,120,2000+,https://item.jd.com/10069482136966.html
得力Deli/得力凯锐A4复印纸70g2500张210*297mm打印纸办公纸学生用草稿纸白纸 3551/5包装（2500张）,70g A4 每箱5包 每包500张,220,0,https://item.jd.com/100121854097.html
美衣羊A4打印纸70g80克双面复印纸500张整箱亚太森博品牌80克5包不含票,70g A4 每箱5包 每包500张,178,0,https://item.jd.com/10117374919162.html
晨光（M&G）绿晨光A470g多功能双面打印纸A4复印纸500张/包5包/箱整箱2500张APY61AF9,70g A4 每箱5包 每包500张,85,100万+,https://item.jd.com/100035784872.html
齐心齐心（COMIX） 优品复印纸C3674-5打印纸A4500张每包70g5包/箱210*297mmA470g5包/箱（2500张）,70g A4 每箱5包 每包500张,128,35,https://item.jd.com/10101368375206.html
舒荣（SHURONG）a4打印纸复印纸白纸70g整箱5包装A4纸500张a4打印用纸80g办公用纸a4草稿纸学生用a4纸打印纸整箱批 【日常家用办公】70g/整箱4包,70g A4 每箱5包 每包500张,123,2,https://item.jd.com/10113460379032.html
如歌复印纸办公用纸打印纸500张一包白纸激光喷墨打印学生画画草稿纸双面试卷纸 搏丽70g-A4(5包一箱/每包500张),70g A4 每箱5包 每包500张,99,36,https://item.jd.com/10037288352833.html
如歌复印纸办公用纸打印纸500张一包白纸激光喷墨打印学生画画草稿纸双面试卷纸 蓝如歌70g-A4(5包一箱/每包500张),70g A4 每箱5包 每包500张,90,36,https://item.jd.com/10037288352832.html
其他品牌珊瑚海复印纸A4纸打印白纸70g80克500张每包办公草稿纸整箱 得力白令海70克5包,70g A4 每箱5包 每包500张,151.04,1,https://item.jd.com/10126996001704.html
DELI得力珊瑚海复印纸A4纸打印白纸70g80克500张每包办公草稿纸整箱 随机款得力70克5包开票,70g A4 每箱5包 每包500张,120.4,0,https://item.jd.com/10147093298465.html
美衣羊A4纸打印纸复印纸a4包邮单包500张1包防静电80克a3整箱5包装1箱70克草稿纸学生用双面试卷白色纸办 真彩A4纸70g100张1小包,70g A4 每箱5包 每包500张,12,0,https://item.jd.com/10113168899418.html
DELI得力复印纸整箱装办公打印A4复印纸70g学生草稿纸5包整箱装a4打印纸80g多功能复印打印纸双面2500【整箱/5包】莱茵河70g丨2500张,70g A4 每箱5包 每包500张,256.44,0,https://item.jd.com/10149298000481.html
DELI得力珊瑚海复印纸A4纸打印白纸70g80克500张每包办公草稿纸整箱 得力刚果河70克5包开票,70g A4 每箱5包 每包500张,123.2,0,https://item.jd.com/10147093298466.html
其他品牌珊瑚海复印纸A4纸打印白纸70g80克500张每包办公草稿纸整箱 新品得力刚果河80克5包,70g A4 每箱5包 每包500张,176.99,1,https://item.jd.com/10126996001696.html
互信A4纸打印复印纸70g单包500张办公用品打印白纸草稿纸学生用A4打印纸整箱5包装一箱a4纸张批发 【原单尾货·品质同源】A4/70g两包装/每包50,70g A4 每箱5包 每包500张,61,0,https://item.jd.com/10148245921223.html
舒荣（SHURONG）a4打印纸复印纸白纸70g整箱5包装A4纸500张a4打印用纸80g办公用纸a4草稿纸学生用a4纸打印纸整箱批 【日常家用办公】70g/整箱4包,70g A4 每箱5包 每包500张,123,2,https://item.jd.com/10113460379032.html
尖兵APP尖兵a4纸打印复印纸70g单包500张a3白纸办公学生用草稿纸一整箱70克80g批发5包10包a四纸 (常用款)APP金星A4/70g-5包装(每包50,70g A4 每箱5包 每包500张,111.24,0,https://item.jd.com/10152172704280.html
舒荣（SHURONG）a4打印纸A4复印纸打印白纸70g整箱5包装a4纸500张a4纸打印用纸80g办公用草稿纸学生用一箱【日常办公】A4整箱70g-4包,70g A4 每箱5包 每包500张,154,1,https://item.jd.com/10113460435178.html
尖兵APP尖兵a4纸打印复印纸70g单包500张a3白纸办公学生用草稿纸一整箱70克80g批发5包10包a四纸 (常用款)APP金星A4/70g-5包装(每包50,70g A4 每箱5包 每包500张,112.78,0,https://item.jd.com/10149314044514.html
DELI定制得力珊瑚海复印纸A4纸打印白纸70g80克500张每包办公草稿纸整箱 得力白令海80克5包,70g A4 每箱5包 每包500张,190.8,0,https://item.jd.com/10130412257263.html
晨光（M&G）绿晨光A470g多功能双面打印纸A4复印纸500张/包5包/箱整箱2500张APY61AF9,70g A4 每箱5包 每包500张,85,100万+,https://item.jd.com/100035784872.html
互信A4纸打印复印纸70g单包500张办公用品打印白纸草稿纸学生用A4打印纸整箱5包装一箱a4纸张批发 【原单尾货·品质同源】A4/70g三包装/每包50,70g A4 每箱5包 每包500张,86,0,https://item.jd.com/10148245921224.html
DELI得力a4打印纸70g整箱批发无异味5包装2500张双面可用a3复印纸A4打 【款5包】A4/70g/2500张整箱塑封发货,70g A4 每箱5包 每包500张,193.3,,https://item.jd.com/10158318293586.html
互信A4纸打印复印纸70g单包500张办公用品打印白纸草稿纸学生用A4打印纸整箱5包装一箱a4纸张批发 【原单尾货·品质同源】A4/70g单包装/每包50,70g A4 每箱5包 每包500张,35,0,https://item.jd.com/10150816190008.html
DELI定制得力珊瑚海复印纸A4纸打印白纸70g80克500张每包办公草稿纸整箱 得力珊瑚海70克1箱5包可开,70g A4 每箱5包 每包500张,165.6,0,https://item.jd.com/10130412257254.html
互信a4打印纸一包500张70g单包加厚白纸双面打印70g复印纸办公用品画画学生用草稿纸一箱5包A4纸 【全新包装·纸质升级】A4/70g两包装/每包50,70g A4 每箱5包 每包500张,55.68,0,https://item.jd.com/10148382498453.html
尖兵APP尖兵a4纸打印复印纸70g单包500张a3白纸办公学生用草稿纸一整箱70克80g批发5包10包a四纸 (常用款)APP多利A4/70g-8包装(每包50,70g A4 每箱5包 每包500张,236.2,0,https://item.jd.com/10147537814968.html
尖兵APP尖兵a4纸打印复印纸70g单包500张a3白纸办公学生用草稿纸一整箱70克80g批发5包10包a四纸 (常用款)APP金星A4/70g-5包装(每包50,70g A4 每箱5包 每包500张,129.57,0,https://item.jd.com/10148945754348.html
美衣羊APPa4纸打印复印纸70g单包500张a3白纸办公学生用草稿纸一整箱70克80g批发5包10包a四纸 （常用款）APP多利A4/70g-10包装（每包5,70g A4 每箱5包 每包500张,343,0,https://item.jd.com/10124617242593.html
互信A4纸打印复印纸70g单包500张办公用品打印白纸草稿纸学生用A4打印纸整箱5包装一箱a4纸张批发 【原单尾货·品质同源】A4/70g单包装/每包50,70g A4 每箱5包 每包500张,34,0,https://item.jd.com/10148218631178.html
互信a4打印纸一包500张70g单包加厚白纸双面打印70g复印纸办公用品画画学生用草稿纸一箱5包A4纸 【全新包装·纸质升级】A4/70g两包装/每包50,70g A4 每箱5包 每包500张,64,0,https://item.jd.com/10150816628701.html
美衣羊APPa4纸打印复印纸70g单包500张a3白纸办公学生用草稿纸一整箱70克80g批发5包10包a四纸 （常用款）APP多利A4/70g-8包装（每包50,70g A4 每箱5包 每包500张,294,0,https://item.jd.com/10124617242595.html
互信A4纸打印复印纸70g单包500张办公用品打印白纸草稿纸学生用A4打印纸整箱5包装一箱a4纸张批发 【原单尾货·品质同源】A4/70g两包装/每包50,70g A4 每箱5包 每包500张,61,0,https://item.jd.com/10148218631179.html
互信a4打印纸一包500张70g单包加厚白纸双面打印70g复印纸办公用品画画学生用草稿纸一箱5包A4纸 【全新包装·纸质升级】A4_70g单包装_每包50,70g A4 每箱5包 每包500张,34.3,0,https://item.jd.com/10151594097998.html
互信a4打印纸一包500张70g单包加厚白纸双面打印70g复印纸办公用品画画学生用草稿纸一箱5包A4纸 【全新包装·纸质升级】A4/70g单包装/每包50,70g A4 每箱5包 每包500张,31.68,0,https://item.jd.com/10147740615557.html
互信a4打印纸一包500张70g单包加厚白纸双面打印70g复印纸办公用品画画学生用草稿纸一箱5包A4纸 【全新包装·纸质升级】A4/70g单包装/每包50,70g A4 每箱5包 每包500张,34,0,https://item.jd.com/10148217375105.html
互信A4纸打印复印纸70g单包500张办公用品打印白纸草稿纸学生用A4打印纸整箱5包装一箱a4纸张批发 【原单尾货·品质同源】A4/70g单包装/每包50,70g A4 每箱5包 每包500张,34,0,https://item.jd.com/10148140643603.html
互信a4打印纸一包500张70g单包加厚白纸双面打印70g复印纸办公用品画画学生用草稿纸一箱5包A4纸 【全新包装·纸质升级】A4/70g两包装/每包50,70g A4 每箱5包 每包500张,55.68,0,https://item.jd.com/10147740615558.html
互信a4打印纸一包500张70g单包加厚白纸双面打印70g复印纸办公用品画画学生用草稿纸一箱5包A4纸 【全新包装·纸质升级】A4/70g两包装/每包50,70g A4 每箱5包 每包500张,55.68,0,https://item.jd.com/10148001538092.html
美衣羊A4纸复印纸70g单包500张办公用品白纸一箱实惠装学生打印纸70g批发整箱80g打印纸 尖兵A4纸80g【5包每箱/5箱】,70g A4 每箱5包 每包500张,1020,0,https://item.jd.com/10133369775993.html
互信A4纸打印复印纸70g单包500张办公用品打印白纸草稿纸学生用A4打印纸整箱5包装一箱a4纸张批发 【原单尾货·品质同源】A4/70g三包装/每包50,70g A4 每箱5包 每包500张,86,0,https://item.jd.com/10148218631180.html
美衣羊A4打印纸70g整箱批发500张一包复印纸80g加厚双面打印a4纸办公用品草稿纸学生用白纸5包一箱a3打印 【家用办公1包】70克A4纸共450张,70g A4 每箱5包 每包500张,25,0,https://item.jd.com/10140708350033.html
尖兵APPa4纸打印复印纸70g单包500张a3白纸办公学生用草稿纸一整箱70克80g批发5包10包a四纸免邮 （常用款）APP尖兵A480g5包装（每包500张,70g A4 每箱5包 每包500张,236,0,https://item.jd.com/10110761468077.html
百旺经典高品乐A4打印纸70g500张*5包中高档办公用纸复印纸合同彩打纸 整箱2500张【专业造纸厂牌】,70g A4 每箱5包 每包500张,124,20万+,https://item.jd.com/1089903.html
尖兵【江浙沪皖】尖兵A4纸复印纸70g单包500张办公用品白纸一箱实惠装学生打印纸70g批发整箱80g打印纸 尖兵A4纸80g【5包每箱/5箱】,70g A4 每箱5包 每包500张,800,0,https://item.jd.com/10141345373245.html
尖兵【江浙沪皖】尖兵A4纸复印纸70g单包500张办公用品白纸一箱实惠装学生打印纸70g批发整箱80g打印纸 尖兵A4纸70g【5包每箱/5箱】,70g A4 每箱5包 每包500张,702.4,0,https://item.jd.com/10141345373242.html
美衣羊【江浙沪皖】A4纸复印纸70g单包500张办公用品白纸一箱实惠装学生打印纸70g批发整箱80g打印纸A4纸80g【5包每箱/5箱】本店产品支持开13%增值税专用发票，欢迎企业采购。,70g A4 每箱5包 每包500张,969,0,https://item.jd.com/10137831470302.html
美衣羊【江浙沪皖】A4纸复印纸70g单包500张办公用品白纸一箱实惠装学生打印纸70g批发整箱80g打印纸A4纸70g【5包每箱/5箱】本店产品支持开13%增值税专用发票，欢迎企业采购。,70g A4 每箱5包 每包500张,853,0,https://item.jd.com/10137831470299.html
美衣羊A4打印纸复印纸整箱批发70g80g克传韵A4纸打印白纸单包500张木浆纸草稿纸学生用a4打印纸一箱5包办 【经济热荐】蓝传韵70克A4-5包,70g A4 每箱5包 每包500张,149,0,https://item.jd.com/10121760815660.html
美衣羊A4纸复印纸70g单包500张办公用品白纸一箱实惠装学生打印纸70g批发整箱80g打印纸 尖兵A4纸70g【5包每箱/5箱】,70g A4 每箱5包 每包500张,898,0,https://item.jd.com/10133369775990.html
其他品牌珊瑚海复印纸A4纸打印白纸70g80克500张每包办公草稿纸整箱 得力珊瑚海80克1箱5包,70g A4 每箱5包 每包500张,183.31,1,https://item.jd.com/10126996001699.html
其他品牌珊瑚海复印纸A4纸打印白纸70g80克500张每包办公草稿纸整箱 得力珊瑚海70克1箱5包,70g A4 每箱5包 每包500张,164.15,1,https://item.jd.com/10126996001697.html
百旺经典高品乐A4打印纸70g500张*5包中高档办公用纸复印纸合同彩打纸 整箱2500张【专业造纸厂牌】,70g A4 每箱5包 每包500张,124,20万+,https://item.jd.com/1089903.html
尖兵【江浙沪皖】尖兵A4纸复印纸70g单包500张办公用品白纸一箱实惠装学生打印纸70g批发整箱80g打印纸 尖兵A4纸80g【5包每箱/5箱】,70g A4 每箱5包 每包500张,800,0,https://item.jd.com/10141345373245.html
尖兵【江浙沪皖】尖兵A4纸复印纸70g单包500张办公用品白纸一箱实惠装学生打印纸70g批发整箱80g打印纸 尖兵A4纸70g【5包每箱/5箱】,70g A4 每箱5包 每包500张,702.4,0,https://item.jd.com/10141345373242.html
美衣羊【江浙沪皖】A4纸复印纸70g单包500张办公用品白纸一箱实惠装学生打印纸70g批发整箱80g打印纸A4纸80g【5包每箱/5箱】本店产品支持开13%增值税专用发票，欢迎企业采购。,70g A4 每箱5包 每包500张,969,0,https://item.jd.com/10137831470302.html
美衣羊【江浙沪皖】A4纸复印纸70g单包500张办公用品白纸一箱实惠装学生打印纸70g批发整箱80g打印纸A4纸70g【5包每箱/5箱】本店产品支持开13%增值税专用发票，欢迎企业采购。,70g A4 每箱5包 每包500张,853,0,https://item.jd.com/10137831470299.html
美衣羊A4打印纸复印纸整箱批发70g80g克传韵A4纸打印白纸单包500张木浆纸草稿纸学生用a4打印纸一箱5包办 【经济热荐】蓝传韵70克A4-5包,70g A4 每箱5包 每包500张,149,0,https://item.jd.com/10121760815660.html
美衣羊A4纸复印纸70g单包500张办公用品白纸一箱实惠装学生打印纸70g批发整箱80g打印纸 尖兵A4纸70g【5包每箱/5箱】,70g A4 每箱5包 每包500张,898,0,https://item.jd.com/10133369775990.html
其他品牌珊瑚海复印纸A4纸打印白纸70g80克500张每包办公草稿纸整箱 得力珊瑚海80克1箱5包,70g A4 每箱5包 每包500张,183.31,1,https://item.jd.com/10126996001699.html
其他品牌珊瑚海复印纸A4纸打印白纸70g80克500张每包办公草稿纸整箱 得力珊瑚海70克1箱5包,70g A4 每箱5包 每包500张,164.15,1,https://item.jd.com/10126996001697.html
