date_日期,price_价格,title_名称,lowerPrice_最低价格,lowerDate_最低价格日期,itemurl_商品链接
2024-04-13,159.0,绘威A4打印纸70g500张 5包复印纸 双面加厚草稿纸 打印书写绘画,146,2025-05-26,http://item.jd.com/100106882772.html
2024-04-13,159.0,绘威A4打印纸70g500张 5包复印纸 双面加厚草稿纸 打印书写绘画,146,2025-05-26,http://item.jd.com/100106882772.html
2024-04-14,159.0,绘威A4打印纸70g500张 5包复印纸 双面加厚草稿纸 打印书写绘画,146,2025-05-26,http://item.jd.com/100106882772.html
2024-04-14,159.0,绘威A4打印纸70g500张 5包复印纸 双面加厚草稿纸 打印书写绘画,146,2025-05-26,http://item.jd.com/100106882772.html
2024-04-15,159.0,绘威A4打印纸70g500张 5包复印纸 双面加厚草稿纸 打印书写绘画,146,2025-05-26,http://item.jd.com/100106882772.html
2024-04-15,159.0,绘威A4打印纸70g500张 5包复印纸 双面加厚草稿纸 打印书写绘画,146,2025-05-26,http://item.jd.com/100106882772.html
2024-04-16,159.0,绘威A4打印纸70g500张 5包复印纸 双面加厚草稿纸 打印书写绘画,146,2025-05-26,http://item.jd.com/100106882772.html
2024-04-16,159.0,绘威A4打印纸70g500张 5包复印纸 双面加厚草稿纸 打印书写绘画,146,2025-05-26,http://item.jd.com/100106882772.html
2024-04-17,159.0,绘威A4打印纸70g500张 5包复印纸 双面加厚草稿纸 打印书写绘画,146,2025-05-26,http://item.jd.com/100106882772.html
2024-04-17,159.0,绘威A4打印纸70g500张 5包复印纸 双面加厚草稿纸 打印书写绘画,146,2025-05-26,http://item.jd.com/100106882772.html
2024-04-18,159.0,绘威A4打印纸70g500张 5包复印纸 双面加厚草稿纸 打印书写绘画,146,2025-05-26,http://item.jd.com/100106882772.html
2024-04-18,159.0,绘威A4打印纸70g500张 5包复印纸 双面加厚草稿纸 打印书写绘画,146,2025-05-26,http://item.jd.com/100106882772.html
2024-04-19,159.0,绘威A4打印纸70g500张 5包复印纸 双面加厚草稿纸 打印书写绘画,146,2025-05-26,http://item.jd.com/100106882772.html
2024-04-19,159.0,绘威A4打印纸70g500张 5包复印纸 双面加厚草稿纸 打印书写绘画,146,2025-05-26,http://item.jd.com/100106882772.html
2024-04-20,159.0,绘威A4打印纸70g500张 5包复印纸 双面加厚草稿纸 打印书写绘画,146,2025-05-26,http://item.jd.com/100106882772.html
2024-04-20,159.0,绘威A4打印纸70g500张 5包复印纸 双面加厚草稿纸 打印书写绘画,146,2025-05-26,http://item.jd.com/100106882772.html
2024-04-21,159.0,绘威A4打印纸70g500张 5包复印纸 双面加厚草稿纸 打印书写绘画,146,2025-05-26,http://item.jd.com/100106882772.html
2024-04-21,159.0,绘威A4打印纸70g500张 5包复印纸 双面加厚草稿纸 打印书写绘画,146,2025-05-26,http://item.jd.com/100106882772.html
2024-04-22,159.0,绘威A4打印纸70g500张 5包复印纸 双面加厚草稿纸 打印书写绘画,146,2025-05-26,http://item.jd.com/100106882772.html
2024-04-22,159.0,绘威A4打印纸70g500张 5包复印纸 双面加厚草稿纸 打印书写绘画,146,2025-05-26,http://item.jd.com/100106882772.html
2024-04-23,159.0,绘威A4打印纸70g500张 5包复印纸 双面加厚草稿纸 打印书写绘画,146,2025-05-26,http://item.jd.com/100106882772.html
2024-04-23,159.0,绘威A4打印纸70g500张 5包复印纸 双面加厚草稿纸 打印书写绘画,146,2025-05-26,http://item.jd.com/100106882772.html
2024-04-24,159.0,绘威A4打印纸70g500张 5包复印纸 双面加厚草稿纸 打印书写绘画,146,2025-05-26,http://item.jd.com/100106882772.html
2024-04-24,159.0,绘威A4打印纸70g500张 5包复印纸 双面加厚草稿纸 打印书写绘画,146,2025-05-26,http://item.jd.com/100106882772.html
2024-04-25,159.0,绘威A4打印纸70g500张 5包复印纸 双面加厚草稿纸 打印书写绘画,146,2025-05-26,http://item.jd.com/100106882772.html
2024-04-25,159.0,绘威A4打印纸70g500张 5包复印纸 双面加厚草稿纸 打印书写绘画,146,2025-05-26,http://item.jd.com/100106882772.html
2024-04-26,159.0,绘威A4打印纸70g500张 5包复印纸 双面加厚草稿纸 打印书写绘画,146,2025-05-26,http://item.jd.com/100106882772.html
2024-04-26,159.0,绘威A4打印纸70g500张 5包复印纸 双面加厚草稿纸 打印书写绘画,146,2025-05-26,http://item.jd.com/100106882772.html
2024-04-27,159.0,绘威A4打印纸70g500张 5包复印纸 双面加厚草稿纸 打印书写绘画,146,2025-05-26,http://item.jd.com/100106882772.html
2024-04-27,159.0,绘威A4打印纸70g500张 5包复印纸 双面加厚草稿纸 打印书写绘画,146,2025-05-26,http://item.jd.com/100106882772.html
2024-04-28,159.0,绘威A4打印纸70g500张 5包复印纸 双面加厚草稿纸 打印书写绘画,146,2025-05-26,http://item.jd.com/100106882772.html
2024-04-28,159.0,绘威A4打印纸70g500张 5包复印纸 双面加厚草稿纸 打印书写绘画,146,2025-05-26,http://item.jd.com/100106882772.html
2024-04-29,159.0,绘威A4打印纸70g500张 5包复印纸 双面加厚草稿纸 打印书写绘画,146,2025-05-26,http://item.jd.com/100106882772.html
2024-04-29,159.0,绘威A4打印纸70g500张 5包复印纸 双面加厚草稿纸 打印书写绘画,146,2025-05-26,http://item.jd.com/100106882772.html
2024-04-30,159.0,绘威A4打印纸70g500张 5包复印纸 双面加厚草稿纸 打印书写绘画,146,2025-05-26,http://item.jd.com/100106882772.html
2024-04-30,159.0,绘威A4打印纸70g500张 5包复印纸 双面加厚草稿纸 打印书写绘画,146,2025-05-26,http://item.jd.com/100106882772.html
2024-05-01,159.0,绘威A4打印纸70g500张 5包复印纸 双面加厚草稿纸 打印书写绘画,146,2025-05-26,http://item.jd.com/100106882772.html
2024-05-01,159.0,绘威A4打印纸70g500张 5包复印纸 双面加厚草稿纸 打印书写绘画,146,2025-05-26,http://item.jd.com/100106882772.html
2024-05-02,159.0,绘威A4打印纸70g500张 5包复印纸 双面加厚草稿纸 打印书写绘画,146,2025-05-26,http://item.jd.com/100106882772.html
2024-05-02,159.0,绘威A4打印纸70g500张 5包复印纸 双面加厚草稿纸 打印书写绘画,146,2025-05-26,http://item.jd.com/100106882772.html
2024-05-03,159.0,绘威A4打印纸70g500张 5包复印纸 双面加厚草稿纸 打印书写绘画,146,2025-05-26,http://item.jd.com/100106882772.html
2024-05-03,159.0,绘威A4打印纸70g500张 5包复印纸 双面加厚草稿纸 打印书写绘画,146,2025-05-26,http://item.jd.com/100106882772.html
2024-05-04,159.0,绘威A4打印纸70g500张 5包复印纸 双面加厚草稿纸 打印书写绘画,146,2025-05-26,http://item.jd.com/100106882772.html
2024-05-04,159.0,绘威A4打印纸70g500张 5包复印纸 双面加厚草稿纸 打印书写绘画,146,2025-05-26,http://item.jd.com/100106882772.html
2024-05-05,159.0,绘威A4打印纸70g500张 5包复印纸 双面加厚草稿纸 打印书写绘画,146,2025-05-26,http://item.jd.com/100106882772.html
2024-05-05,159.0,绘威A4打印纸70g500张 5包复印纸 双面加厚草稿纸 打印书写绘画,146,2025-05-26,http://item.jd.com/100106882772.html
2024-05-06,159.0,绘威A4打印纸70g500张 5包复印纸 双面加厚草稿纸 打印书写绘画,146,2025-05-26,http://item.jd.com/100106882772.html
2024-05-06,159.0,绘威A4打印纸70g500张 5包复印纸 双面加厚草稿纸 打印书写绘画,146,2025-05-26,http://item.jd.com/100106882772.html
2024-05-07,159.0,绘威A4打印纸70g500张 5包复印纸 双面加厚草稿纸 打印书写绘画,146,2025-05-26,http://item.jd.com/100106882772.html
2024-05-07,159.0,绘威A4打印纸70g500张 5包复印纸 双面加厚草稿纸 打印书写绘画,146,2025-05-26,http://item.jd.com/100106882772.html
2024-05-08,159.0,绘威A4打印纸70g500张 5包复印纸 双面加厚草稿纸 打印书写绘画,146,2025-05-26,http://item.jd.com/100106882772.html
2024-05-08,159.0,绘威A4打印纸70g500张 5包复印纸 双面加厚草稿纸 打印书写绘画,146,2025-05-26,http://item.jd.com/100106882772.html
2024-05-09,159.0,绘威A4打印纸70g500张 5包复印纸 双面加厚草稿纸 打印书写绘画,146,2025-05-26,http://item.jd.com/100106882772.html
2024-05-09,159.0,绘威A4打印纸70g500张 5包复印纸 双面加厚草稿纸 打印书写绘画,146,2025-05-26,http://item.jd.com/100106882772.html
2024-05-10,159.0,绘威A4打印纸70g500张 5包复印纸 双面加厚草稿纸 打印书写绘画,146,2025-05-26,http://item.jd.com/100106882772.html
2024-05-10,159.0,绘威A4打印纸70g500张 5包复印纸 双面加厚草稿纸 打印书写绘画,146,2025-05-26,http://item.jd.com/100106882772.html
2024-05-11,159.0,绘威A4打印纸70g500张 5包复印纸 双面加厚草稿纸 打印书写绘画,146,2025-05-26,http://item.jd.com/100106882772.html
2024-05-11,159.0,绘威A4打印纸70g500张 5包复印纸 双面加厚草稿纸 打印书写绘画,146,2025-05-26,http://item.jd.com/100106882772.html
2024-05-12,159.0,绘威A4打印纸70g500张 5包复印纸 双面加厚草稿纸 打印书写绘画,146,2025-05-26,http://item.jd.com/100106882772.html
2024-05-12,159.0,绘威A4打印纸70g500张 5包复印纸 双面加厚草稿纸 打印书写绘画,146,2025-05-26,http://item.jd.com/100106882772.html
2024-05-13,159.0,绘威A4打印纸70g500张 5包复印纸 双面加厚草稿纸 打印书写绘画,146,2025-05-26,http://item.jd.com/100106882772.html
2024-05-13,159.0,绘威A4打印纸70g500张 5包复印纸 双面加厚草稿纸 打印书写绘画,146,2025-05-26,http://item.jd.com/100106882772.html
2024-05-14,159.0,绘威A4打印纸70g500张 5包复印纸 双面加厚草稿纸 打印书写绘画,146,2025-05-26,http://item.jd.com/100106882772.html
2024-05-14,159.0,绘威A4打印纸70g500张 5包复印纸 双面加厚草稿纸 打印书写绘画,146,2025-05-26,http://item.jd.com/100106882772.html
2024-05-15,159.0,绘威A4打印纸70g500张 5包复印纸 双面加厚草稿纸 打印书写绘画,146,2025-05-26,http://item.jd.com/100106882772.html
2024-05-15,159.0,绘威A4打印纸70g500张 5包复印纸 双面加厚草稿纸 打印书写绘画,146,2025-05-26,http://item.jd.com/100106882772.html
2024-05-16,159.0,绘威A4打印纸70g500张 5包复印纸 双面加厚草稿纸 打印书写绘画,146,2025-05-26,http://item.jd.com/100106882772.html
2024-05-16,159.0,绘威A4打印纸70g500张 5包复印纸 双面加厚草稿纸 打印书写绘画,146,2025-05-26,http://item.jd.com/100106882772.html
2024-05-17,159.0,绘威A4打印纸70g500张 5包复印纸 双面加厚草稿纸 打印书写绘画,146,2025-05-26,http://item.jd.com/100106882772.html
2024-05-17,159.0,绘威A4打印纸70g500张 5包复印纸 双面加厚草稿纸 打印书写绘画,146,2025-05-26,http://item.jd.com/100106882772.html
2024-05-18,159.0,绘威A4打印纸70g500张 5包复印纸 双面加厚草稿纸 打印书写绘画,146,2025-05-26,http://item.jd.com/100106882772.html
2024-05-18,159.0,绘威A4打印纸70g500张 5包复印纸 双面加厚草稿纸 打印书写绘画,146,2025-05-26,http://item.jd.com/100106882772.html
2024-05-19,159.0,绘威A4打印纸70g500张 5包复印纸 双面加厚草稿纸 打印书写绘画,146,2025-05-26,http://item.jd.com/100106882772.html
2024-05-19,159.0,绘威A4打印纸70g500张 5包复印纸 双面加厚草稿纸 打印书写绘画,146,2025-05-26,http://item.jd.com/100106882772.html
2024-05-20,159.0,绘威A4打印纸70g500张 5包复印纸 双面加厚草稿纸 打印书写绘画,146,2025-05-26,http://item.jd.com/100106882772.html
2024-05-20,159.0,绘威A4打印纸70g500张 5包复印纸 双面加厚草稿纸 打印书写绘画,146,2025-05-26,http://item.jd.com/100106882772.html
2024-05-21,159.0,绘威A4打印纸70g500张 5包复印纸 双面加厚草稿纸 打印书写绘画,146,2025-05-26,http://item.jd.com/100106882772.html
2024-05-21,159.0,绘威A4打印纸70g500张 5包复印纸 双面加厚草稿纸 打印书写绘画,146,2025-05-26,http://item.jd.com/100106882772.html
2024-05-22,159.0,绘威A4打印纸70g500张 5包复印纸 双面加厚草稿纸 打印书写绘画,146,2025-05-26,http://item.jd.com/100106882772.html
2024-05-22,159.0,绘威A4打印纸70g500张 5包复印纸 双面加厚草稿纸 打印书写绘画,146,2025-05-26,http://item.jd.com/100106882772.html
2024-05-23,159.0,绘威A4打印纸70g500张 5包复印纸 双面加厚草稿纸 打印书写绘画,146,2025-05-26,http://item.jd.com/100106882772.html
2024-05-23,159.0,绘威A4打印纸70g500张 5包复印纸 双面加厚草稿纸 打印书写绘画,146,2025-05-26,http://item.jd.com/100106882772.html
2024-05-24,159.0,绘威A4打印纸70g500张 5包复印纸 双面加厚草稿纸 打印书写绘画,146,2025-05-26,http://item.jd.com/100106882772.html
2024-05-24,159.0,绘威A4打印纸70g500张 5包复印纸 双面加厚草稿纸 打印书写绘画,146,2025-05-26,http://item.jd.com/100106882772.html
2024-05-25,159.0,绘威A4打印纸70g500张 5包复印纸 双面加厚草稿纸 打印书写绘画,146,2025-05-26,http://item.jd.com/100106882772.html
2024-05-25,159.0,绘威A4打印纸70g500张 5包复印纸 双面加厚草稿纸 打印书写绘画,146,2025-05-26,http://item.jd.com/100106882772.html
2024-05-26,159.0,绘威A4打印纸70g500张 5包复印纸 双面加厚草稿纸 打印书写绘画,146,2025-05-26,http://item.jd.com/100106882772.html
2024-05-26,159.0,绘威A4打印纸70g500张 5包复印纸 双面加厚草稿纸 打印书写绘画,146,2025-05-26,http://item.jd.com/100106882772.html
2024-05-27,159.0,绘威A4打印纸70g500张 5包复印纸 双面加厚草稿纸 打印书写绘画,146,2025-05-26,http://item.jd.com/100106882772.html
2024-05-27,159.0,绘威A4打印纸70g500张 5包复印纸 双面加厚草稿纸 打印书写绘画,146,2025-05-26,http://item.jd.com/100106882772.html
2024-05-28,159.0,绘威A4打印纸70g500张 5包复印纸 双面加厚草稿纸 打印书写绘画,146,2025-05-26,http://item.jd.com/100106882772.html
2024-05-28,159.0,绘威A4打印纸70g500张 5包复印纸 双面加厚草稿纸 打印书写绘画,146,2025-05-26,http://item.jd.com/100106882772.html
2024-05-29,159.0,绘威A4打印纸70g500张 5包复印纸 双面加厚草稿纸 打印书写绘画,146,2025-05-26,http://item.jd.com/100106882772.html
2024-05-29,159.0,绘威A4打印纸70g500张 5包复印纸 双面加厚草稿纸 打印书写绘画,146,2025-05-26,http://item.jd.com/100106882772.html
2024-05-30,159.0,绘威A4打印纸70g500张 5包复印纸 双面加厚草稿纸 打印书写绘画,146,2025-05-26,http://item.jd.com/100106882772.html
2024-05-29,159.0,绘威A4打印纸70g500张 5包复印纸 双面加厚草稿纸 打印书写绘画,146,2025-05-26,http://item.jd.com/100106882772.html
2024-05-30,159.0,绘威A4打印纸70g500张 5包复印纸 双面加厚草稿纸 打印书写绘画,146,2025-05-26,http://item.jd.com/100106882772.html
2024-05-31,159.0,绘威A4打印纸70g500张 5包复印纸 双面加厚草稿纸 打印书写绘画,146,2025-05-26,http://item.jd.com/100106882772.html
2024-06-01,159.0,绘威A4打印纸70g500张 5包复印纸 双面加厚草稿纸 打印书写绘画,146,2025-05-26,http://item.jd.com/100106882772.html
2024-06-01,159.0,绘威A4打印纸70g500张 5包复印纸 双面加厚草稿纸 打印书写绘画,146,2025-05-26,http://item.jd.com/100106882772.html
2024-06-02,159.0,绘威A4打印纸70g500张 5包复印纸 双面加厚草稿纸 打印书写绘画,146,2025-05-26,http://item.jd.com/100106882772.html
2024-06-02,159.0,绘威A4打印纸70g500张 5包复印纸 双面加厚草稿纸 打印书写绘画,146,2025-05-26,http://item.jd.com/100106882772.html
2024-06-03,159.0,绘威A4打印纸70g500张 5包复印纸 双面加厚草稿纸 打印书写绘画,146,2025-05-26,http://item.jd.com/100106882772.html
2024-06-03,159.0,绘威A4打印纸70g500张 5包复印纸 双面加厚草稿纸 打印书写绘画,146,2025-05-26,http://item.jd.com/100106882772.html
2024-06-04,159.0,绘威A4打印纸70g500张 5包复印纸 双面加厚草稿纸 打印书写绘画,146,2025-05-26,http://item.jd.com/100106882772.html
2024-06-04,159.0,绘威A4打印纸70g500张 5包复印纸 双面加厚草稿纸 打印书写绘画,146,2025-05-26,http://item.jd.com/100106882772.html
2024-06-05,159.0,绘威A4打印纸70g500张 5包复印纸 双面加厚草稿纸 打印书写绘画,146,2025-05-26,http://item.jd.com/100106882772.html
2024-06-05,159.0,绘威A4打印纸70g500张 5包复印纸 双面加厚草稿纸 打印书写绘画,146,2025-05-26,http://item.jd.com/100106882772.html
2024-06-06,159.0,绘威A4打印纸70g500张 5包复印纸 双面加厚草稿纸 打印书写绘画,146,2025-05-26,http://item.jd.com/100106882772.html
2024-06-06,159.0,绘威A4打印纸70g500张 5包复印纸 双面加厚草稿纸 打印书写绘画,146,2025-05-26,http://item.jd.com/100106882772.html
2024-06-07,159.0,绘威A4打印纸70g500张 5包复印纸 双面加厚草稿纸 打印书写绘画,146,2025-05-26,http://item.jd.com/100106882772.html
2024-06-07,159.0,绘威A4打印纸70g500张 5包复印纸 双面加厚草稿纸 打印书写绘画,146,2025-05-26,http://item.jd.com/100106882772.html
2024-06-08,159.0,绘威A4打印纸70g500张 5包复印纸 双面加厚草稿纸 打印书写绘画,146,2025-05-26,http://item.jd.com/100106882772.html
2024-06-08,159.0,绘威A4打印纸70g500张 5包复印纸 双面加厚草稿纸 打印书写绘画,146,2025-05-26,http://item.jd.com/100106882772.html
2024-06-09,159.0,绘威A4打印纸70g500张 5包复印纸 双面加厚草稿纸 打印书写绘画,146,2025-05-26,http://item.jd.com/100106882772.html
2024-06-09,159.0,绘威A4打印纸70g500张 5包复印纸 双面加厚草稿纸 打印书写绘画,146,2025-05-26,http://item.jd.com/100106882772.html
2024-06-10,159.0,绘威A4打印纸70g500张 5包复印纸 双面加厚草稿纸 打印书写绘画,146,2025-05-26,http://item.jd.com/100106882772.html
2024-06-10,159.0,绘威A4打印纸70g500张 5包复印纸 双面加厚草稿纸 打印书写绘画,146,2025-05-26,http://item.jd.com/100106882772.html
2024-06-11,159.0,绘威A4打印纸70g500张 5包复印纸 双面加厚草稿纸 打印书写绘画,146,2025-05-26,http://item.jd.com/100106882772.html
2024-06-11,159.0,绘威A4打印纸70g500张 5包复印纸 双面加厚草稿纸 打印书写绘画,146,2025-05-26,http://item.jd.com/100106882772.html
2024-06-12,159.0,绘威A4打印纸70g500张 5包复印纸 双面加厚草稿纸 打印书写绘画,146,2025-05-26,http://item.jd.com/100106882772.html
2024-06-12,159.0,绘威A4打印纸70g500张 5包复印纸 双面加厚草稿纸 打印书写绘画,146,2025-05-26,http://item.jd.com/100106882772.html
2024-06-13,159.0,绘威A4打印纸70g500张 5包复印纸 双面加厚草稿纸 打印书写绘画,146,2025-05-26,http://item.jd.com/100106882772.html
2024-06-13,159.0,绘威A4打印纸70g500张 5包复印纸 双面加厚草稿纸 打印书写绘画,146,2025-05-26,http://item.jd.com/100106882772.html
2024-06-14,159.0,绘威A4打印纸70g500张 5包复印纸 双面加厚草稿纸 打印书写绘画,146,2025-05-26,http://item.jd.com/100106882772.html
2024-06-14,159.0,绘威A4打印纸70g500张 5包复印纸 双面加厚草稿纸 打印书写绘画,146,2025-05-26,http://item.jd.com/100106882772.html
2024-06-15,159.0,绘威A4打印纸70g500张 5包复印纸 双面加厚草稿纸 打印书写绘画,146,2025-05-26,http://item.jd.com/100106882772.html
2024-06-15,159.0,绘威A4打印纸70g500张 5包复印纸 双面加厚草稿纸 打印书写绘画,146,2025-05-26,http://item.jd.com/100106882772.html
2024-06-16,159.0,绘威A4打印纸70g500张 5包复印纸 双面加厚草稿纸 打印书写绘画,146,2025-05-26,http://item.jd.com/100106882772.html
2024-06-16,159.0,绘威A4打印纸70g500张 5包复印纸 双面加厚草稿纸 打印书写绘画,146,2025-05-26,http://item.jd.com/100106882772.html
2024-06-17,159.0,绘威A4打印纸70g500张 5包复印纸 双面加厚草稿纸 打印书写绘画,146,2025-05-26,http://item.jd.com/100106882772.html
2024-06-17,159.0,绘威A4打印纸70g500张 5包复印纸 双面加厚草稿纸 打印书写绘画,146,2025-05-26,http://item.jd.com/100106882772.html
2024-06-18,159.0,绘威A4打印纸70g500张 5包复印纸 双面加厚草稿纸 打印书写绘画,146,2025-05-26,http://item.jd.com/100106882772.html
2024-06-18,159.0,绘威A4打印纸70g500张 5包复印纸 双面加厚草稿纸 打印书写绘画,146,2025-05-26,http://item.jd.com/100106882772.html
2024-06-19,159.0,绘威A4打印纸70g500张 5包复印纸 双面加厚草稿纸 打印书写绘画,146,2025-05-26,http://item.jd.com/100106882772.html
2024-06-19,159.0,绘威A4打印纸70g500张 5包复印纸 双面加厚草稿纸 打印书写绘画,146,2025-05-26,http://item.jd.com/100106882772.html
2024-06-20,159.0,绘威A4打印纸70g500张 5包复印纸 双面加厚草稿纸 打印书写绘画,146,2025-05-26,http://item.jd.com/100106882772.html
2024-06-20,159.0,绘威A4打印纸70g500张 5包复印纸 双面加厚草稿纸 打印书写绘画,146,2025-05-26,http://item.jd.com/100106882772.html
2024-06-21,159.0,绘威A4打印纸70g500张 5包复印纸 双面加厚草稿纸 打印书写绘画,146,2025-05-26,http://item.jd.com/100106882772.html
2024-06-21,159.0,绘威A4打印纸70g500张 5包复印纸 双面加厚草稿纸 打印书写绘画,146,2025-05-26,http://item.jd.com/100106882772.html
2024-06-22,159.0,绘威A4打印纸70g500张 5包复印纸 双面加厚草稿纸 打印书写绘画,146,2025-05-26,http://item.jd.com/100106882772.html
2024-06-22,159.0,绘威A4打印纸70g500张 5包复印纸 双面加厚草稿纸 打印书写绘画,146,2025-05-26,http://item.jd.com/100106882772.html
2024-06-23,159.0,绘威A4打印纸70g500张 5包复印纸 双面加厚草稿纸 打印书写绘画,146,2025-05-26,http://item.jd.com/100106882772.html
2024-06-23,159.0,绘威A4打印纸70g500张 5包复印纸 双面加厚草稿纸 打印书写绘画,146,2025-05-26,http://item.jd.com/100106882772.html
2024-06-24,159.0,绘威A4打印纸70g500张 5包复印纸 双面加厚草稿纸 打印书写绘画,146,2025-05-26,http://item.jd.com/100106882772.html
2024-06-24,159.0,绘威A4打印纸70g500张 5包复印纸 双面加厚草稿纸 打印书写绘画,146,2025-05-26,http://item.jd.com/100106882772.html
2024-06-25,159.0,绘威A4打印纸70g500张 5包复印纸 双面加厚草稿纸 打印书写绘画,146,2025-05-26,http://item.jd.com/100106882772.html
2024-06-25,159.0,绘威A4打印纸70g500张 5包复印纸 双面加厚草稿纸 打印书写绘画,146,2025-05-26,http://item.jd.com/100106882772.html
2024-06-26,159.0,绘威A4打印纸70g500张 5包复印纸 双面加厚草稿纸 打印书写绘画,146,2025-05-26,http://item.jd.com/100106882772.html
2024-06-26,159.0,绘威A4打印纸70g500张 5包复印纸 双面加厚草稿纸 打印书写绘画,146,2025-05-26,http://item.jd.com/100106882772.html
2024-06-27,159.0,绘威A4打印纸70g500张 5包复印纸 双面加厚草稿纸 打印书写绘画,146,2025-05-26,http://item.jd.com/100106882772.html
2024-06-27,159.0,绘威A4打印纸70g500张 5包复印纸 双面加厚草稿纸 打印书写绘画,146,2025-05-26,http://item.jd.com/100106882772.html
2024-06-28,159.0,绘威A4打印纸70g500张 5包复印纸 双面加厚草稿纸 打印书写绘画,146,2025-05-26,http://item.jd.com/100106882772.html
2024-06-28,159.0,绘威A4打印纸70g500张 5包复印纸 双面加厚草稿纸 打印书写绘画,146,2025-05-26,http://item.jd.com/100106882772.html
2024-06-29,159.0,绘威A4打印纸70g500张 5包复印纸 双面加厚草稿纸 打印书写绘画,146,2025-05-26,http://item.jd.com/100106882772.html
2024-06-29,159.0,绘威A4打印纸70g500张 5包复印纸 双面加厚草稿纸 打印书写绘画,146,2025-05-26,http://item.jd.com/100106882772.html
2024-06-30,159.0,绘威A4打印纸70g500张 5包复印纸 双面加厚草稿纸 打印书写绘画,146,2025-05-26,http://item.jd.com/100106882772.html
2024-06-30,159.0,绘威A4打印纸70g500张 5包复印纸 双面加厚草稿纸 打印书写绘画,146,2025-05-26,http://item.jd.com/100106882772.html
2024-07-01,159.0,绘威A4打印纸70g500张 5包复印纸 双面加厚草稿纸 打印书写绘画,146,2025-05-26,http://item.jd.com/100106882772.html
2024-07-01,159.0,绘威A4打印纸70g500张 5包复印纸 双面加厚草稿纸 打印书写绘画,146,2025-05-26,http://item.jd.com/100106882772.html
2024-07-02,159.0,绘威A4打印纸70g500张 5包复印纸 双面加厚草稿纸 打印书写绘画,146,2025-05-26,http://item.jd.com/100106882772.html
2024-07-02,159.0,绘威A4打印纸70g500张 5包复印纸 双面加厚草稿纸 打印书写绘画,146,2025-05-26,http://item.jd.com/100106882772.html
2024-07-03,159.0,绘威A4打印纸70g500张 5包复印纸 双面加厚草稿纸 打印书写绘画,146,2025-05-26,http://item.jd.com/100106882772.html
2024-07-03,159.0,绘威A4打印纸70g500张 5包复印纸 双面加厚草稿纸 打印书写绘画,146,2025-05-26,http://item.jd.com/100106882772.html
2024-07-04,159.0,绘威A4打印纸70g500张 5包复印纸 双面加厚草稿纸 打印书写绘画,146,2025-05-26,http://item.jd.com/100106882772.html
2024-07-04,159.0,绘威A4打印纸70g500张 5包复印纸 双面加厚草稿纸 打印书写绘画,146,2025-05-26,http://item.jd.com/100106882772.html
2024-07-05,159.0,绘威A4打印纸70g500张 5包复印纸 双面加厚草稿纸 打印书写绘画,146,2025-05-26,http://item.jd.com/100106882772.html
2024-07-05,159.0,绘威A4打印纸70g500张 5包复印纸 双面加厚草稿纸 打印书写绘画,146,2025-05-26,http://item.jd.com/100106882772.html
2024-07-06,159.0,绘威A4打印纸70g500张 5包复印纸 双面加厚草稿纸 打印书写绘画,146,2025-05-26,http://item.jd.com/100106882772.html
2024-07-06,159.0,绘威A4打印纸70g500张 5包复印纸 双面加厚草稿纸 打印书写绘画,146,2025-05-26,http://item.jd.com/100106882772.html
2024-07-07,159.0,绘威A4打印纸70g500张 5包复印纸 双面加厚草稿纸 打印书写绘画,146,2025-05-26,http://item.jd.com/100106882772.html
2024-07-07,159.0,绘威A4打印纸70g500张 5包复印纸 双面加厚草稿纸 打印书写绘画,146,2025-05-26,http://item.jd.com/100106882772.html
2024-07-08,159.0,绘威A4打印纸70g500张 5包复印纸 双面加厚草稿纸 打印书写绘画,146,2025-05-26,http://item.jd.com/100106882772.html
2024-07-08,159.0,绘威A4打印纸70g500张 5包复印纸 双面加厚草稿纸 打印书写绘画,146,2025-05-26,http://item.jd.com/100106882772.html
2024-07-09,159.0,绘威A4打印纸70g500张 5包复印纸 双面加厚草稿纸 打印书写绘画,146,2025-05-26,http://item.jd.com/100106882772.html
2024-07-09,159.0,绘威A4打印纸70g500张 5包复印纸 双面加厚草稿纸 打印书写绘画,146,2025-05-26,http://item.jd.com/100106882772.html
2024-07-10,159.0,绘威A4打印纸70g500张 5包复印纸 双面加厚草稿纸 打印书写绘画,146,2025-05-26,http://item.jd.com/100106882772.html
2024-07-10,159.0,绘威A4打印纸70g500张 5包复印纸 双面加厚草稿纸 打印书写绘画,146,2025-05-26,http://item.jd.com/100106882772.html
2024-07-11,159.0,绘威A4打印纸70g500张 5包复印纸 双面加厚草稿纸 打印书写绘画,146,2025-05-26,http://item.jd.com/100106882772.html
2024-07-11,159.0,绘威A4打印纸70g500张 5包复印纸 双面加厚草稿纸 打印书写绘画,146,2025-05-26,http://item.jd.com/100106882772.html
2024-07-12,159.0,绘威A4打印纸70g500张 5包复印纸 双面加厚草稿纸 打印书写绘画,146,2025-05-26,http://item.jd.com/100106882772.html
2024-07-12,159.0,绘威A4打印纸70g500张 5包复印纸 双面加厚草稿纸 打印书写绘画,146,2025-05-26,http://item.jd.com/100106882772.html
2024-07-13,159.0,绘威A4打印纸70g500张 5包复印纸 双面加厚草稿纸 打印书写绘画,146,2025-05-26,http://item.jd.com/100106882772.html
2024-07-13,159.0,绘威A4打印纸70g500张 5包复印纸 双面加厚草稿纸 打印书写绘画,146,2025-05-26,http://item.jd.com/100106882772.html
2024-07-14,159.0,绘威A4打印纸70g500张 5包复印纸 双面加厚草稿纸 打印书写绘画,146,2025-05-26,http://item.jd.com/100106882772.html
2024-07-14,159.0,绘威A4打印纸70g500张 5包复印纸 双面加厚草稿纸 打印书写绘画,146,2025-05-26,http://item.jd.com/100106882772.html
2024-07-15,159.0,绘威A4打印纸70g500张 5包复印纸 双面加厚草稿纸 打印书写绘画,146,2025-05-26,http://item.jd.com/100106882772.html
2024-07-15,159.0,绘威A4打印纸70g500张 5包复印纸 双面加厚草稿纸 打印书写绘画,146,2025-05-26,http://item.jd.com/100106882772.html
2024-07-16,159.0,绘威A4打印纸70g500张 5包复印纸 双面加厚草稿纸 打印书写绘画,146,2025-05-26,http://item.jd.com/100106882772.html
2024-07-16,159.0,绘威A4打印纸70g500张 5包复印纸 双面加厚草稿纸 打印书写绘画,146,2025-05-26,http://item.jd.com/100106882772.html
2024-07-17,159.0,绘威A4打印纸70g500张 5包复印纸 双面加厚草稿纸 打印书写绘画,146,2025-05-26,http://item.jd.com/100106882772.html
2024-07-17,159.0,绘威A4打印纸70g500张 5包复印纸 双面加厚草稿纸 打印书写绘画,146,2025-05-26,http://item.jd.com/100106882772.html
2024-07-18,159.0,绘威A4打印纸70g500张 5包复印纸 双面加厚草稿纸 打印书写绘画,146,2025-05-26,http://item.jd.com/100106882772.html
2024-07-18,159.0,绘威A4打印纸70g500张 5包复印纸 双面加厚草稿纸 打印书写绘画,146,2025-05-26,http://item.jd.com/100106882772.html
2024-07-19,159.0,绘威A4打印纸70g500张 5包复印纸 双面加厚草稿纸 打印书写绘画,146,2025-05-26,http://item.jd.com/100106882772.html
2024-07-19,159.0,绘威A4打印纸70g500张 5包复印纸 双面加厚草稿纸 打印书写绘画,146,2025-05-26,http://item.jd.com/100106882772.html
2024-07-20,159.0,绘威A4打印纸70g500张 5包复印纸 双面加厚草稿纸 打印书写绘画,146,2025-05-26,http://item.jd.com/100106882772.html
2024-07-20,159.0,绘威A4打印纸70g500张 5包复印纸 双面加厚草稿纸 打印书写绘画,146,2025-05-26,http://item.jd.com/100106882772.html
2024-07-21,159.0,绘威A4打印纸70g500张 5包复印纸 双面加厚草稿纸 打印书写绘画,146,2025-05-26,http://item.jd.com/100106882772.html
2024-07-21,159.0,绘威A4打印纸70g500张 5包复印纸 双面加厚草稿纸 打印书写绘画,146,2025-05-26,http://item.jd.com/100106882772.html
2024-07-22,159.0,绘威A4打印纸70g500张 5包复印纸 双面加厚草稿纸 打印书写绘画,146,2025-05-26,http://item.jd.com/100106882772.html
2024-07-22,159.0,绘威A4打印纸70g500张 5包复印纸 双面加厚草稿纸 打印书写绘画,146,2025-05-26,http://item.jd.com/100106882772.html
2024-07-23,159.0,绘威A4打印纸70g500张 5包复印纸 双面加厚草稿纸 打印书写绘画,146,2025-05-26,http://item.jd.com/100106882772.html
2024-07-23,159.0,绘威A4打印纸70g500张 5包复印纸 双面加厚草稿纸 打印书写绘画,146,2025-05-26,http://item.jd.com/100106882772.html
2024-07-24,159.0,绘威A4打印纸70g500张 5包复印纸 双面加厚草稿纸 打印书写绘画,146,2025-05-26,http://item.jd.com/100106882772.html
2024-07-24,159.0,绘威A4打印纸70g500张 5包复印纸 双面加厚草稿纸 打印书写绘画,146,2025-05-26,http://item.jd.com/100106882772.html
2024-07-25,159.0,绘威A4打印纸70g500张 5包复印纸 双面加厚草稿纸 打印书写绘画,146,2025-05-26,http://item.jd.com/100106882772.html
2024-07-25,159.0,绘威A4打印纸70g500张 5包复印纸 双面加厚草稿纸 打印书写绘画,146,2025-05-26,http://item.jd.com/100106882772.html
2024-07-26,159.0,绘威A4打印纸70g500张 5包复印纸 双面加厚草稿纸 打印书写绘画,146,2025-05-26,http://item.jd.com/100106882772.html
2024-07-26,159.0,绘威A4打印纸70g500张 5包复印纸 双面加厚草稿纸 打印书写绘画,146,2025-05-26,http://item.jd.com/100106882772.html
2024-07-27,159.0,绘威A4打印纸70g500张 5包复印纸 双面加厚草稿纸 打印书写绘画,146,2025-05-26,http://item.jd.com/100106882772.html
2024-07-27,159.0,绘威A4打印纸70g500张 5包复印纸 双面加厚草稿纸 打印书写绘画,146,2025-05-26,http://item.jd.com/100106882772.html
2024-07-28,159.0,绘威A4打印纸70g500张 5包复印纸 双面加厚草稿纸 打印书写绘画,146,2025-05-26,http://item.jd.com/100106882772.html
2024-07-28,159.0,绘威A4打印纸70g500张 5包复印纸 双面加厚草稿纸 打印书写绘画,146,2025-05-26,http://item.jd.com/100106882772.html
2024-07-29,159.0,绘威A4打印纸70g500张 5包复印纸 双面加厚草稿纸 打印书写绘画,146,2025-05-26,http://item.jd.com/100106882772.html
2024-07-29,159.0,绘威A4打印纸70g500张 5包复印纸 双面加厚草稿纸 打印书写绘画,146,2025-05-26,http://item.jd.com/100106882772.html
2024-07-30,159.0,绘威A4打印纸70g500张 5包复印纸 双面加厚草稿纸 打印书写绘画,146,2025-05-26,http://item.jd.com/100106882772.html
2024-07-29,159.0,绘威A4打印纸70g500张 5包复印纸 双面加厚草稿纸 打印书写绘画,146,2025-05-26,http://item.jd.com/100106882772.html
2024-07-30,159.0,绘威A4打印纸70g500张 5包复印纸 双面加厚草稿纸 打印书写绘画,146,2025-05-26,http://item.jd.com/100106882772.html
2024-07-31,159.0,绘威A4打印纸70g500张 5包复印纸 双面加厚草稿纸 打印书写绘画,146,2025-05-26,http://item.jd.com/100106882772.html
2024-08-01,159.0,绘威A4打印纸70g500张 5包复印纸 双面加厚草稿纸 打印书写绘画,146,2025-05-26,http://item.jd.com/100106882772.html
2024-08-01,159.0,绘威A4打印纸70g500张 5包复印纸 双面加厚草稿纸 打印书写绘画,146,2025-05-26,http://item.jd.com/100106882772.html
2024-08-02,159.0,绘威A4打印纸70g500张 5包复印纸 双面加厚草稿纸 打印书写绘画,146,2025-05-26,http://item.jd.com/100106882772.html
2024-08-02,159.0,绘威A4打印纸70g500张 5包复印纸 双面加厚草稿纸 打印书写绘画,146,2025-05-26,http://item.jd.com/100106882772.html
2024-08-03,159.0,绘威A4打印纸70g500张 5包复印纸 双面加厚草稿纸 打印书写绘画,146,2025-05-26,http://item.jd.com/100106882772.html
2024-08-03,159.0,绘威A4打印纸70g500张 5包复印纸 双面加厚草稿纸 打印书写绘画,146,2025-05-26,http://item.jd.com/100106882772.html
2024-08-04,159.0,绘威A4打印纸70g500张 5包复印纸 双面加厚草稿纸 打印书写绘画,146,2025-05-26,http://item.jd.com/100106882772.html
2024-08-04,159.0,绘威A4打印纸70g500张 5包复印纸 双面加厚草稿纸 打印书写绘画,146,2025-05-26,http://item.jd.com/100106882772.html
2024-08-05,159.0,绘威A4打印纸70g500张 5包复印纸 双面加厚草稿纸 打印书写绘画,146,2025-05-26,http://item.jd.com/100106882772.html
2024-08-05,159.0,绘威A4打印纸70g500张 5包复印纸 双面加厚草稿纸 打印书写绘画,146,2025-05-26,http://item.jd.com/100106882772.html
2024-08-06,159.0,绘威A4打印纸70g500张 5包复印纸 双面加厚草稿纸 打印书写绘画,146,2025-05-26,http://item.jd.com/100106882772.html
2024-08-06,159.0,绘威A4打印纸70g500张 5包复印纸 双面加厚草稿纸 打印书写绘画,146,2025-05-26,http://item.jd.com/100106882772.html
2024-08-07,159.0,绘威A4打印纸70g500张 5包复印纸 双面加厚草稿纸 打印书写绘画,146,2025-05-26,http://item.jd.com/100106882772.html
2024-08-07,159.0,绘威A4打印纸70g500张 5包复印纸 双面加厚草稿纸 打印书写绘画,146,2025-05-26,http://item.jd.com/100106882772.html
2024-08-08,159.0,绘威A4打印纸70g500张 5包复印纸 双面加厚草稿纸 打印书写绘画,146,2025-05-26,http://item.jd.com/100106882772.html
2024-08-08,159.0,绘威A4打印纸70g500张 5包复印纸 双面加厚草稿纸 打印书写绘画,146,2025-05-26,http://item.jd.com/100106882772.html
2024-08-09,159.0,绘威A4打印纸70g500张 5包复印纸 双面加厚草稿纸 打印书写绘画,146,2025-05-26,http://item.jd.com/100106882772.html
2024-08-09,159.0,绘威A4打印纸70g500张 5包复印纸 双面加厚草稿纸 打印书写绘画,146,2025-05-26,http://item.jd.com/100106882772.html
2024-08-10,159.0,绘威A4打印纸70g500张 5包复印纸 双面加厚草稿纸 打印书写绘画,146,2025-05-26,http://item.jd.com/100106882772.html
2024-08-10,159.0,绘威A4打印纸70g500张 5包复印纸 双面加厚草稿纸 打印书写绘画,146,2025-05-26,http://item.jd.com/100106882772.html
2024-08-11,159.0,绘威A4打印纸70g500张 5包复印纸 双面加厚草稿纸 打印书写绘画,146,2025-05-26,http://item.jd.com/100106882772.html
2024-08-11,159.0,绘威A4打印纸70g500张 5包复印纸 双面加厚草稿纸 打印书写绘画,146,2025-05-26,http://item.jd.com/100106882772.html
2024-08-12,159.0,绘威A4打印纸70g500张 5包复印纸 双面加厚草稿纸 打印书写绘画,146,2025-05-26,http://item.jd.com/100106882772.html
2024-08-12,159.0,绘威A4打印纸70g500张 5包复印纸 双面加厚草稿纸 打印书写绘画,146,2025-05-26,http://item.jd.com/100106882772.html
2024-08-13,159.0,绘威A4打印纸70g500张 5包复印纸 双面加厚草稿纸 打印书写绘画,146,2025-05-26,http://item.jd.com/100106882772.html
2024-08-13,159.0,绘威A4打印纸70g500张 5包复印纸 双面加厚草稿纸 打印书写绘画,146,2025-05-26,http://item.jd.com/100106882772.html
2024-08-14,159.0,绘威A4打印纸70g500张 5包复印纸 双面加厚草稿纸 打印书写绘画,146,2025-05-26,http://item.jd.com/100106882772.html
2024-08-14,159.0,绘威A4打印纸70g500张 5包复印纸 双面加厚草稿纸 打印书写绘画,146,2025-05-26,http://item.jd.com/100106882772.html
2024-08-15,159.0,绘威A4打印纸70g500张 5包复印纸 双面加厚草稿纸 打印书写绘画,146,2025-05-26,http://item.jd.com/100106882772.html
2024-08-15,159.0,绘威A4打印纸70g500张 5包复印纸 双面加厚草稿纸 打印书写绘画,146,2025-05-26,http://item.jd.com/100106882772.html
2024-08-16,159.0,绘威A4打印纸70g500张 5包复印纸 双面加厚草稿纸 打印书写绘画,146,2025-05-26,http://item.jd.com/100106882772.html
2024-08-16,159.0,绘威A4打印纸70g500张 5包复印纸 双面加厚草稿纸 打印书写绘画,146,2025-05-26,http://item.jd.com/100106882772.html
2024-08-17,159.0,绘威A4打印纸70g500张 5包复印纸 双面加厚草稿纸 打印书写绘画,146,2025-05-26,http://item.jd.com/100106882772.html
2024-08-17,159.0,绘威A4打印纸70g500张 5包复印纸 双面加厚草稿纸 打印书写绘画,146,2025-05-26,http://item.jd.com/100106882772.html
2024-08-18,159.0,绘威A4打印纸70g500张 5包复印纸 双面加厚草稿纸 打印书写绘画,146,2025-05-26,http://item.jd.com/100106882772.html
2024-08-18,159.0,绘威A4打印纸70g500张 5包复印纸 双面加厚草稿纸 打印书写绘画,146,2025-05-26,http://item.jd.com/100106882772.html
2024-08-19,159.0,绘威A4打印纸70g500张 5包复印纸 双面加厚草稿纸 打印书写绘画,146,2025-05-26,http://item.jd.com/100106882772.html
2024-08-19,159.0,绘威A4打印纸70g500张 5包复印纸 双面加厚草稿纸 打印书写绘画,146,2025-05-26,http://item.jd.com/100106882772.html
2024-08-20,159.0,绘威A4打印纸70g500张 5包复印纸 双面加厚草稿纸 打印书写绘画,146,2025-05-26,http://item.jd.com/100106882772.html
2024-08-20,159.0,绘威A4打印纸70g500张 5包复印纸 双面加厚草稿纸 打印书写绘画,146,2025-05-26,http://item.jd.com/100106882772.html
2024-08-21,159.0,绘威A4打印纸70g500张 5包复印纸 双面加厚草稿纸 打印书写绘画,146,2025-05-26,http://item.jd.com/100106882772.html
2024-08-21,159.0,绘威A4打印纸70g500张 5包复印纸 双面加厚草稿纸 打印书写绘画,146,2025-05-26,http://item.jd.com/100106882772.html
2024-08-22,159.0,绘威A4打印纸70g500张 5包复印纸 双面加厚草稿纸 打印书写绘画,146,2025-05-26,http://item.jd.com/100106882772.html
2024-08-22,159.0,绘威A4打印纸70g500张 5包复印纸 双面加厚草稿纸 打印书写绘画,146,2025-05-26,http://item.jd.com/100106882772.html
2024-08-23,159.0,绘威A4打印纸70g500张 5包复印纸 双面加厚草稿纸 打印书写绘画,146,2025-05-26,http://item.jd.com/100106882772.html
2024-08-23,159.0,绘威A4打印纸70g500张 5包复印纸 双面加厚草稿纸 打印书写绘画,146,2025-05-26,http://item.jd.com/100106882772.html
2024-08-24,159.0,绘威A4打印纸70g500张 5包复印纸 双面加厚草稿纸 打印书写绘画,146,2025-05-26,http://item.jd.com/100106882772.html
2024-08-24,159.0,绘威A4打印纸70g500张 5包复印纸 双面加厚草稿纸 打印书写绘画,146,2025-05-26,http://item.jd.com/100106882772.html
2024-08-25,159.0,绘威A4打印纸70g500张 5包复印纸 双面加厚草稿纸 打印书写绘画,146,2025-05-26,http://item.jd.com/100106882772.html
2024-08-25,159.0,绘威A4打印纸70g500张 5包复印纸 双面加厚草稿纸 打印书写绘画,146,2025-05-26,http://item.jd.com/100106882772.html
2024-08-26,159.0,绘威A4打印纸70g500张 5包复印纸 双面加厚草稿纸 打印书写绘画,146,2025-05-26,http://item.jd.com/100106882772.html
2024-08-26,159.0,绘威A4打印纸70g500张 5包复印纸 双面加厚草稿纸 打印书写绘画,146,2025-05-26,http://item.jd.com/100106882772.html
2024-08-27,159.0,绘威A4打印纸70g500张 5包复印纸 双面加厚草稿纸 打印书写绘画,146,2025-05-26,http://item.jd.com/100106882772.html
2024-08-27,159.0,绘威A4打印纸70g500张 5包复印纸 双面加厚草稿纸 打印书写绘画,146,2025-05-26,http://item.jd.com/100106882772.html
2024-08-28,159.0,绘威A4打印纸70g500张 5包复印纸 双面加厚草稿纸 打印书写绘画,146,2025-05-26,http://item.jd.com/100106882772.html
2024-08-28,159.0,绘威A4打印纸70g500张 5包复印纸 双面加厚草稿纸 打印书写绘画,146,2025-05-26,http://item.jd.com/100106882772.html
2024-08-29,159.0,绘威A4打印纸70g500张 5包复印纸 双面加厚草稿纸 打印书写绘画,146,2025-05-26,http://item.jd.com/100106882772.html
2024-08-29,159.0,绘威A4打印纸70g500张 5包复印纸 双面加厚草稿纸 打印书写绘画,146,2025-05-26,http://item.jd.com/100106882772.html
2024-08-30,159.0,绘威A4打印纸70g500张 5包复印纸 双面加厚草稿纸 打印书写绘画,146,2025-05-26,http://item.jd.com/100106882772.html
2024-08-30,159.0,绘威A4打印纸70g500张 5包复印纸 双面加厚草稿纸 打印书写绘画,146,2025-05-26,http://item.jd.com/100106882772.html
2024-08-31,159.0,绘威A4打印纸70g500张 5包复印纸 双面加厚草稿纸 打印书写绘画,146,2025-05-26,http://item.jd.com/100106882772.html
2024-08-31,159.0,绘威A4打印纸70g500张 5包复印纸 双面加厚草稿纸 打印书写绘画,146,2025-05-26,http://item.jd.com/100106882772.html
2024-09-01,159.0,绘威A4打印纸70g500张 5包复印纸 双面加厚草稿纸 打印书写绘画,146,2025-05-26,http://item.jd.com/100106882772.html
2024-09-01,159.0,绘威A4打印纸70g500张 5包复印纸 双面加厚草稿纸 打印书写绘画,146,2025-05-26,http://item.jd.com/100106882772.html
2024-09-02,159.0,绘威A4打印纸70g500张 5包复印纸 双面加厚草稿纸 打印书写绘画,146,2025-05-26,http://item.jd.com/100106882772.html
2024-09-02,159.0,绘威A4打印纸70g500张 5包复印纸 双面加厚草稿纸 打印书写绘画,146,2025-05-26,http://item.jd.com/100106882772.html
2024-09-03,159.0,绘威A4打印纸70g500张 5包复印纸 双面加厚草稿纸 打印书写绘画,146,2025-05-26,http://item.jd.com/100106882772.html
2024-09-03,159.0,绘威A4打印纸70g500张 5包复印纸 双面加厚草稿纸 打印书写绘画,146,2025-05-26,http://item.jd.com/100106882772.html
2024-09-04,159.0,绘威A4打印纸70g500张 5包复印纸 双面加厚草稿纸 打印书写绘画,146,2025-05-26,http://item.jd.com/100106882772.html
2024-09-04,159.0,绘威A4打印纸70g500张 5包复印纸 双面加厚草稿纸 打印书写绘画,146,2025-05-26,http://item.jd.com/100106882772.html
2024-09-05,159.0,绘威A4打印纸70g500张 5包复印纸 双面加厚草稿纸 打印书写绘画,146,2025-05-26,http://item.jd.com/100106882772.html
2024-09-05,159.0,绘威A4打印纸70g500张 5包复印纸 双面加厚草稿纸 打印书写绘画,146,2025-05-26,http://item.jd.com/100106882772.html
2024-09-06,159.0,绘威A4打印纸70g500张 5包复印纸 双面加厚草稿纸 打印书写绘画,146,2025-05-26,http://item.jd.com/100106882772.html
2024-09-06,159.0,绘威A4打印纸70g500张 5包复印纸 双面加厚草稿纸 打印书写绘画,146,2025-05-26,http://item.jd.com/100106882772.html
2024-09-07,159.0,绘威A4打印纸70g500张 5包复印纸 双面加厚草稿纸 打印书写绘画,146,2025-05-26,http://item.jd.com/100106882772.html
2024-09-07,159.0,绘威A4打印纸70g500张 5包复印纸 双面加厚草稿纸 打印书写绘画,146,2025-05-26,http://item.jd.com/100106882772.html
2024-09-08,159.0,绘威A4打印纸70g500张 5包复印纸 双面加厚草稿纸 打印书写绘画,146,2025-05-26,http://item.jd.com/100106882772.html
2024-09-08,159.0,绘威A4打印纸70g500张 5包复印纸 双面加厚草稿纸 打印书写绘画,146,2025-05-26,http://item.jd.com/100106882772.html
2024-09-09,159.0,绘威A4打印纸70g500张 5包复印纸 双面加厚草稿纸 打印书写绘画,146,2025-05-26,http://item.jd.com/100106882772.html
2024-09-09,159.0,绘威A4打印纸70g500张 5包复印纸 双面加厚草稿纸 打印书写绘画,146,2025-05-26,http://item.jd.com/100106882772.html
2024-09-10,159.0,绘威A4打印纸70g500张 5包复印纸 双面加厚草稿纸 打印书写绘画,146,2025-05-26,http://item.jd.com/100106882772.html
2024-09-10,159.0,绘威A4打印纸70g500张 5包复印纸 双面加厚草稿纸 打印书写绘画,146,2025-05-26,http://item.jd.com/100106882772.html
2024-09-11,159.0,绘威A4打印纸70g500张 5包复印纸 双面加厚草稿纸 打印书写绘画,146,2025-05-26,http://item.jd.com/100106882772.html
2024-09-11,159.0,绘威A4打印纸70g500张 5包复印纸 双面加厚草稿纸 打印书写绘画,146,2025-05-26,http://item.jd.com/100106882772.html
2024-09-12,159.0,绘威A4打印纸70g500张 5包复印纸 双面加厚草稿纸 打印书写绘画,146,2025-05-26,http://item.jd.com/100106882772.html
2024-09-12,159.0,绘威A4打印纸70g500张 5包复印纸 双面加厚草稿纸 打印书写绘画,146,2025-05-26,http://item.jd.com/100106882772.html
2024-09-13,159.0,绘威A4打印纸70g500张 5包复印纸 双面加厚草稿纸 打印书写绘画,146,2025-05-26,http://item.jd.com/100106882772.html
2024-09-13,159.0,绘威A4打印纸70g500张 5包复印纸 双面加厚草稿纸 打印书写绘画,146,2025-05-26,http://item.jd.com/100106882772.html
2024-09-14,159.0,绘威A4打印纸70g500张 5包复印纸 双面加厚草稿纸 打印书写绘画,146,2025-05-26,http://item.jd.com/100106882772.html
2024-09-14,159.0,绘威A4打印纸70g500张 5包复印纸 双面加厚草稿纸 打印书写绘画,146,2025-05-26,http://item.jd.com/100106882772.html
2024-09-15,159.0,绘威A4打印纸70g500张 5包复印纸 双面加厚草稿纸 打印书写绘画,146,2025-05-26,http://item.jd.com/100106882772.html
2024-09-15,159.0,绘威A4打印纸70g500张 5包复印纸 双面加厚草稿纸 打印书写绘画,146,2025-05-26,http://item.jd.com/100106882772.html
2024-09-16,159.0,绘威A4打印纸70g500张 5包复印纸 双面加厚草稿纸 打印书写绘画,146,2025-05-26,http://item.jd.com/100106882772.html
2024-09-16,159.0,绘威A4打印纸70g500张 5包复印纸 双面加厚草稿纸 打印书写绘画,146,2025-05-26,http://item.jd.com/100106882772.html
2024-09-17,159.0,绘威A4打印纸70g500张 5包复印纸 双面加厚草稿纸 打印书写绘画,146,2025-05-26,http://item.jd.com/100106882772.html
2024-09-17,159.0,绘威A4打印纸70g500张 5包复印纸 双面加厚草稿纸 打印书写绘画,146,2025-05-26,http://item.jd.com/100106882772.html
2024-09-18,159.0,绘威A4打印纸70g500张 5包复印纸 双面加厚草稿纸 打印书写绘画,146,2025-05-26,http://item.jd.com/100106882772.html
2024-09-18,159.0,绘威A4打印纸70g500张 5包复印纸 双面加厚草稿纸 打印书写绘画,146,2025-05-26,http://item.jd.com/100106882772.html
2024-09-19,159.0,绘威A4打印纸70g500张 5包复印纸 双面加厚草稿纸 打印书写绘画,146,2025-05-26,http://item.jd.com/100106882772.html
2024-09-19,159.0,绘威A4打印纸70g500张 5包复印纸 双面加厚草稿纸 打印书写绘画,146,2025-05-26,http://item.jd.com/100106882772.html
2024-09-20,159.0,绘威A4打印纸70g500张 5包复印纸 双面加厚草稿纸 打印书写绘画,146,2025-05-26,http://item.jd.com/100106882772.html
2024-09-20,159.0,绘威A4打印纸70g500张 5包复印纸 双面加厚草稿纸 打印书写绘画,146,2025-05-26,http://item.jd.com/100106882772.html
2024-09-21,159.0,绘威A4打印纸70g500张 5包复印纸 双面加厚草稿纸 打印书写绘画,146,2025-05-26,http://item.jd.com/100106882772.html
2024-09-21,159.0,绘威A4打印纸70g500张 5包复印纸 双面加厚草稿纸 打印书写绘画,146,2025-05-26,http://item.jd.com/100106882772.html
2024-09-22,159.0,绘威A4打印纸70g500张 5包复印纸 双面加厚草稿纸 打印书写绘画,146,2025-05-26,http://item.jd.com/100106882772.html
2024-09-22,159.0,绘威A4打印纸70g500张 5包复印纸 双面加厚草稿纸 打印书写绘画,146,2025-05-26,http://item.jd.com/100106882772.html
2024-09-23,159.0,绘威A4打印纸70g500张 5包复印纸 双面加厚草稿纸 打印书写绘画,146,2025-05-26,http://item.jd.com/100106882772.html
2024-09-23,159.0,绘威A4打印纸70g500张 5包复印纸 双面加厚草稿纸 打印书写绘画,146,2025-05-26,http://item.jd.com/100106882772.html
2024-09-24,159.0,绘威A4打印纸70g500张 5包复印纸 双面加厚草稿纸 打印书写绘画,146,2025-05-26,http://item.jd.com/100106882772.html
2024-09-24,159.0,绘威A4打印纸70g500张 5包复印纸 双面加厚草稿纸 打印书写绘画,146,2025-05-26,http://item.jd.com/100106882772.html
2024-09-25,159.0,绘威A4打印纸70g500张 5包复印纸 双面加厚草稿纸 打印书写绘画,146,2025-05-26,http://item.jd.com/100106882772.html
2024-09-25,159.0,绘威A4打印纸70g500张 5包复印纸 双面加厚草稿纸 打印书写绘画,146,2025-05-26,http://item.jd.com/100106882772.html
2024-09-26,159.0,绘威A4打印纸70g500张 5包复印纸 双面加厚草稿纸 打印书写绘画,146,2025-05-26,http://item.jd.com/100106882772.html
2024-09-26,159.0,绘威A4打印纸70g500张 5包复印纸 双面加厚草稿纸 打印书写绘画,146,2025-05-26,http://item.jd.com/100106882772.html
2024-09-27,159.0,绘威A4打印纸70g500张 5包复印纸 双面加厚草稿纸 打印书写绘画,146,2025-05-26,http://item.jd.com/100106882772.html
2024-09-27,159.0,绘威A4打印纸70g500张 5包复印纸 双面加厚草稿纸 打印书写绘画,146,2025-05-26,http://item.jd.com/100106882772.html
2024-09-28,159.0,绘威A4打印纸70g500张 5包复印纸 双面加厚草稿纸 打印书写绘画,146,2025-05-26,http://item.jd.com/100106882772.html
2024-09-28,159.0,绘威A4打印纸70g500张 5包复印纸 双面加厚草稿纸 打印书写绘画,146,2025-05-26,http://item.jd.com/100106882772.html
2024-09-29,159.0,绘威A4打印纸70g500张 5包复印纸 双面加厚草稿纸 打印书写绘画,146,2025-05-26,http://item.jd.com/100106882772.html
2024-09-29,159.0,绘威A4打印纸70g500张 5包复印纸 双面加厚草稿纸 打印书写绘画,146,2025-05-26,http://item.jd.com/100106882772.html
2024-09-30,159.0,绘威A4打印纸70g500张 5包复印纸 双面加厚草稿纸 打印书写绘画,146,2025-05-26,http://item.jd.com/100106882772.html
2024-09-30,159.0,绘威A4打印纸70g500张 5包复印纸 双面加厚草稿纸 打印书写绘画,146,2025-05-26,http://item.jd.com/100106882772.html
2024-10-01,159.0,绘威A4打印纸70g500张 5包复印纸 双面加厚草稿纸 打印书写绘画,146,2025-05-26,http://item.jd.com/100106882772.html
2024-10-01,159.0,绘威A4打印纸70g500张 5包复印纸 双面加厚草稿纸 打印书写绘画,146,2025-05-26,http://item.jd.com/100106882772.html
2024-10-02,159.0,绘威A4打印纸70g500张 5包复印纸 双面加厚草稿纸 打印书写绘画,146,2025-05-26,http://item.jd.com/100106882772.html
2024-10-02,159.0,绘威A4打印纸70g500张 5包复印纸 双面加厚草稿纸 打印书写绘画,146,2025-05-26,http://item.jd.com/100106882772.html
2024-10-03,159.0,绘威A4打印纸70g500张 5包复印纸 双面加厚草稿纸 打印书写绘画,146,2025-05-26,http://item.jd.com/100106882772.html
2024-10-03,159.0,绘威A4打印纸70g500张 5包复印纸 双面加厚草稿纸 打印书写绘画,146,2025-05-26,http://item.jd.com/100106882772.html
2024-10-04,159.0,绘威A4打印纸70g500张 5包复印纸 双面加厚草稿纸 打印书写绘画,146,2025-05-26,http://item.jd.com/100106882772.html
2024-10-04,159.0,绘威A4打印纸70g500张 5包复印纸 双面加厚草稿纸 打印书写绘画,146,2025-05-26,http://item.jd.com/100106882772.html
2024-10-05,159.0,绘威A4打印纸70g500张 5包复印纸 双面加厚草稿纸 打印书写绘画,146,2025-05-26,http://item.jd.com/100106882772.html
2024-10-05,159.0,绘威A4打印纸70g500张 5包复印纸 双面加厚草稿纸 打印书写绘画,146,2025-05-26,http://item.jd.com/100106882772.html
2024-10-06,159.0,绘威A4打印纸70g500张 5包复印纸 双面加厚草稿纸 打印书写绘画,146,2025-05-26,http://item.jd.com/100106882772.html
2024-10-06,159.0,绘威A4打印纸70g500张 5包复印纸 双面加厚草稿纸 打印书写绘画,146,2025-05-26,http://item.jd.com/100106882772.html
2024-10-07,159.0,绘威A4打印纸70g500张 5包复印纸 双面加厚草稿纸 打印书写绘画,146,2025-05-26,http://item.jd.com/100106882772.html
2024-10-07,159.0,绘威A4打印纸70g500张 5包复印纸 双面加厚草稿纸 打印书写绘画,146,2025-05-26,http://item.jd.com/100106882772.html
2024-10-08,159.0,绘威A4打印纸70g500张 5包复印纸 双面加厚草稿纸 打印书写绘画,146,2025-05-26,http://item.jd.com/100106882772.html
2024-10-08,159.0,绘威A4打印纸70g500张 5包复印纸 双面加厚草稿纸 打印书写绘画,146,2025-05-26,http://item.jd.com/100106882772.html
2024-10-09,159.0,绘威A4打印纸70g500张 5包复印纸 双面加厚草稿纸 打印书写绘画,146,2025-05-26,http://item.jd.com/100106882772.html
2024-10-09,159.0,绘威A4打印纸70g500张 5包复印纸 双面加厚草稿纸 打印书写绘画,146,2025-05-26,http://item.jd.com/100106882772.html
2024-10-10,159.0,绘威A4打印纸70g500张 5包复印纸 双面加厚草稿纸 打印书写绘画,146,2025-05-26,http://item.jd.com/100106882772.html
2024-10-10,159.0,绘威A4打印纸70g500张 5包复印纸 双面加厚草稿纸 打印书写绘画,146,2025-05-26,http://item.jd.com/100106882772.html
2024-10-11,159.0,绘威A4打印纸70g500张 5包复印纸 双面加厚草稿纸 打印书写绘画,146,2025-05-26,http://item.jd.com/100106882772.html
2024-10-11,159.0,绘威A4打印纸70g500张 5包复印纸 双面加厚草稿纸 打印书写绘画,146,2025-05-26,http://item.jd.com/100106882772.html
2024-10-12,159.0,绘威A4打印纸70g500张 5包复印纸 双面加厚草稿纸 打印书写绘画,146,2025-05-26,http://item.jd.com/100106882772.html
2024-10-12,159.0,绘威A4打印纸70g500张 5包复印纸 双面加厚草稿纸 打印书写绘画,146,2025-05-26,http://item.jd.com/100106882772.html
2024-10-13,159.0,绘威A4打印纸70g500张 5包复印纸 双面加厚草稿纸 打印书写绘画,146,2025-05-26,http://item.jd.com/100106882772.html
2024-10-13,159.0,绘威A4打印纸70g500张 5包复印纸 双面加厚草稿纸 打印书写绘画,146,2025-05-26,http://item.jd.com/100106882772.html
2024-10-14,159.0,绘威A4打印纸70g500张 5包复印纸 双面加厚草稿纸 打印书写绘画,146,2025-05-26,http://item.jd.com/100106882772.html
2024-10-14,159.0,绘威A4打印纸70g500张 5包复印纸 双面加厚草稿纸 打印书写绘画,146,2025-05-26,http://item.jd.com/100106882772.html
2024-10-15,159.0,绘威A4打印纸70g500张 5包复印纸 双面加厚草稿纸 打印书写绘画,146,2025-05-26,http://item.jd.com/100106882772.html
2024-10-15,159.0,绘威A4打印纸70g500张 5包复印纸 双面加厚草稿纸 打印书写绘画,146,2025-05-26,http://item.jd.com/100106882772.html
2024-10-16,159.0,绘威A4打印纸70g500张 5包复印纸 双面加厚草稿纸 打印书写绘画,146,2025-05-26,http://item.jd.com/100106882772.html
2024-10-16,159.0,绘威A4打印纸70g500张 5包复印纸 双面加厚草稿纸 打印书写绘画,146,2025-05-26,http://item.jd.com/100106882772.html
2024-10-17,159.0,绘威A4打印纸70g500张 5包复印纸 双面加厚草稿纸 打印书写绘画,146,2025-05-26,http://item.jd.com/100106882772.html
2024-10-17,159.0,绘威A4打印纸70g500张 5包复印纸 双面加厚草稿纸 打印书写绘画,146,2025-05-26,http://item.jd.com/100106882772.html
2024-10-18,159.0,绘威A4打印纸70g500张 5包复印纸 双面加厚草稿纸 打印书写绘画,146,2025-05-26,http://item.jd.com/100106882772.html
2024-10-18,159.0,绘威A4打印纸70g500张 5包复印纸 双面加厚草稿纸 打印书写绘画,146,2025-05-26,http://item.jd.com/100106882772.html
2024-10-19,159.0,绘威A4打印纸70g500张 5包复印纸 双面加厚草稿纸 打印书写绘画,146,2025-05-26,http://item.jd.com/100106882772.html
2024-10-19,159.0,绘威A4打印纸70g500张 5包复印纸 双面加厚草稿纸 打印书写绘画,146,2025-05-26,http://item.jd.com/100106882772.html
2024-10-20,159.0,绘威A4打印纸70g500张 5包复印纸 双面加厚草稿纸 打印书写绘画,146,2025-05-26,http://item.jd.com/100106882772.html
2024-10-20,159.0,绘威A4打印纸70g500张 5包复印纸 双面加厚草稿纸 打印书写绘画,146,2025-05-26,http://item.jd.com/100106882772.html
2024-10-21,159.0,绘威A4打印纸70g500张 5包复印纸 双面加厚草稿纸 打印书写绘画,146,2025-05-26,http://item.jd.com/100106882772.html
2024-10-21,159.0,绘威A4打印纸70g500张 5包复印纸 双面加厚草稿纸 打印书写绘画,146,2025-05-26,http://item.jd.com/100106882772.html
2024-10-22,159.0,绘威A4打印纸70g500张 5包复印纸 双面加厚草稿纸 打印书写绘画,146,2025-05-26,http://item.jd.com/100106882772.html
2024-10-22,159.0,绘威A4打印纸70g500张 5包复印纸 双面加厚草稿纸 打印书写绘画,146,2025-05-26,http://item.jd.com/100106882772.html
2024-10-23,159.0,绘威A4打印纸70g500张 5包复印纸 双面加厚草稿纸 打印书写绘画,146,2025-05-26,http://item.jd.com/100106882772.html
2024-10-23,159.0,绘威A4打印纸70g500张 5包复印纸 双面加厚草稿纸 打印书写绘画,146,2025-05-26,http://item.jd.com/100106882772.html
2024-10-24,159.0,绘威A4打印纸70g500张 5包复印纸 双面加厚草稿纸 打印书写绘画,146,2025-05-26,http://item.jd.com/100106882772.html
2024-10-24,159.0,绘威A4打印纸70g500张 5包复印纸 双面加厚草稿纸 打印书写绘画,146,2025-05-26,http://item.jd.com/100106882772.html
2024-10-25,159.0,绘威A4打印纸70g500张 5包复印纸 双面加厚草稿纸 打印书写绘画,146,2025-05-26,http://item.jd.com/100106882772.html
2024-10-25,159.0,绘威A4打印纸70g500张 5包复印纸 双面加厚草稿纸 打印书写绘画,146,2025-05-26,http://item.jd.com/100106882772.html
2024-10-26,159.0,绘威A4打印纸70g500张 5包复印纸 双面加厚草稿纸 打印书写绘画,146,2025-05-26,http://item.jd.com/100106882772.html
2024-10-26,159.0,绘威A4打印纸70g500张 5包复印纸 双面加厚草稿纸 打印书写绘画,146,2025-05-26,http://item.jd.com/100106882772.html
2024-10-27,159.0,绘威A4打印纸70g500张 5包复印纸 双面加厚草稿纸 打印书写绘画,146,2025-05-26,http://item.jd.com/100106882772.html
2024-10-27,159.0,绘威A4打印纸70g500张 5包复印纸 双面加厚草稿纸 打印书写绘画,146,2025-05-26,http://item.jd.com/100106882772.html
2024-10-28,159.0,绘威A4打印纸70g500张 5包复印纸 双面加厚草稿纸 打印书写绘画,146,2025-05-26,http://item.jd.com/100106882772.html
2024-10-28,159.0,绘威A4打印纸70g500张 5包复印纸 双面加厚草稿纸 打印书写绘画,146,2025-05-26,http://item.jd.com/100106882772.html
2024-10-29,159.0,绘威A4打印纸70g500张 5包复印纸 双面加厚草稿纸 打印书写绘画,146,2025-05-26,http://item.jd.com/100106882772.html
2024-10-29,159.0,绘威A4打印纸70g500张 5包复印纸 双面加厚草稿纸 打印书写绘画,146,2025-05-26,http://item.jd.com/100106882772.html
2024-10-30,159.0,绘威A4打印纸70g500张 5包复印纸 双面加厚草稿纸 打印书写绘画,146,2025-05-26,http://item.jd.com/100106882772.html
2024-10-29,159.0,绘威A4打印纸70g500张 5包复印纸 双面加厚草稿纸 打印书写绘画,146,2025-05-26,http://item.jd.com/100106882772.html
2024-10-30,159.0,绘威A4打印纸70g500张 5包复印纸 双面加厚草稿纸 打印书写绘画,146,2025-05-26,http://item.jd.com/100106882772.html
2024-10-31,159.0,绘威A4打印纸70g500张 5包复印纸 双面加厚草稿纸 打印书写绘画,146,2025-05-26,http://item.jd.com/100106882772.html
2024-11-01,159.0,绘威A4打印纸70g500张 5包复印纸 双面加厚草稿纸 打印书写绘画,146,2025-05-26,http://item.jd.com/100106882772.html
2024-11-01,159.0,绘威A4打印纸70g500张 5包复印纸 双面加厚草稿纸 打印书写绘画,146,2025-05-26,http://item.jd.com/100106882772.html
2024-11-02,159.0,绘威A4打印纸70g500张 5包复印纸 双面加厚草稿纸 打印书写绘画,146,2025-05-26,http://item.jd.com/100106882772.html
2024-11-02,159.0,绘威A4打印纸70g500张 5包复印纸 双面加厚草稿纸 打印书写绘画,146,2025-05-26,http://item.jd.com/100106882772.html
2024-11-03,159.0,绘威A4打印纸70g500张 5包复印纸 双面加厚草稿纸 打印书写绘画,146,2025-05-26,http://item.jd.com/100106882772.html
2024-11-03,159.0,绘威A4打印纸70g500张 5包复印纸 双面加厚草稿纸 打印书写绘画,146,2025-05-26,http://item.jd.com/100106882772.html
2024-11-04,159.0,绘威A4打印纸70g500张 5包复印纸 双面加厚草稿纸 打印书写绘画,146,2025-05-26,http://item.jd.com/100106882772.html
2024-11-04,159.0,绘威A4打印纸70g500张 5包复印纸 双面加厚草稿纸 打印书写绘画,146,2025-05-26,http://item.jd.com/100106882772.html
2024-11-05,159.0,绘威A4打印纸70g500张 5包复印纸 双面加厚草稿纸 打印书写绘画,146,2025-05-26,http://item.jd.com/100106882772.html
2024-11-05,159.0,绘威A4打印纸70g500张 5包复印纸 双面加厚草稿纸 打印书写绘画,146,2025-05-26,http://item.jd.com/100106882772.html
2024-11-06,159.0,绘威A4打印纸70g500张 5包复印纸 双面加厚草稿纸 打印书写绘画,146,2025-05-26,http://item.jd.com/100106882772.html
2024-11-06,159.0,绘威A4打印纸70g500张 5包复印纸 双面加厚草稿纸 打印书写绘画,146,2025-05-26,http://item.jd.com/100106882772.html
2024-11-07,159.0,绘威A4打印纸70g500张 5包复印纸 双面加厚草稿纸 打印书写绘画,146,2025-05-26,http://item.jd.com/100106882772.html
2024-11-07,159.0,绘威A4打印纸70g500张 5包复印纸 双面加厚草稿纸 打印书写绘画,146,2025-05-26,http://item.jd.com/100106882772.html
2024-11-08,159.0,绘威A4打印纸70g500张 5包复印纸 双面加厚草稿纸 打印书写绘画,146,2025-05-26,http://item.jd.com/100106882772.html
2024-11-08,159.0,绘威A4打印纸70g500张 5包复印纸 双面加厚草稿纸 打印书写绘画,146,2025-05-26,http://item.jd.com/100106882772.html
2024-11-09,159.0,绘威A4打印纸70g500张 5包复印纸 双面加厚草稿纸 打印书写绘画,146,2025-05-26,http://item.jd.com/100106882772.html
2024-11-09,159.0,绘威A4打印纸70g500张 5包复印纸 双面加厚草稿纸 打印书写绘画,146,2025-05-26,http://item.jd.com/100106882772.html
2024-11-10,159.0,绘威A4打印纸70g500张 5包复印纸 双面加厚草稿纸 打印书写绘画,146,2025-05-26,http://item.jd.com/100106882772.html
2024-11-10,159.0,绘威A4打印纸70g500张 5包复印纸 双面加厚草稿纸 打印书写绘画,146,2025-05-26,http://item.jd.com/100106882772.html
2024-11-11,159.0,绘威A4打印纸70g500张 5包复印纸 双面加厚草稿纸 打印书写绘画,146,2025-05-26,http://item.jd.com/100106882772.html
2024-11-11,159.0,绘威A4打印纸70g500张 5包复印纸 双面加厚草稿纸 打印书写绘画,146,2025-05-26,http://item.jd.com/100106882772.html
2024-11-12,159.0,绘威A4打印纸70g500张 5包复印纸 双面加厚草稿纸 打印书写绘画,146,2025-05-26,http://item.jd.com/100106882772.html
2024-11-12,159.0,绘威A4打印纸70g500张 5包复印纸 双面加厚草稿纸 打印书写绘画,146,2025-05-26,http://item.jd.com/100106882772.html
2024-11-13,159.0,绘威A4打印纸70g500张 5包复印纸 双面加厚草稿纸 打印书写绘画,146,2025-05-26,http://item.jd.com/100106882772.html
2024-11-13,159.0,绘威A4打印纸70g500张 5包复印纸 双面加厚草稿纸 打印书写绘画,146,2025-05-26,http://item.jd.com/100106882772.html
2024-11-14,159.0,绘威A4打印纸70g500张 5包复印纸 双面加厚草稿纸 打印书写绘画,146,2025-05-26,http://item.jd.com/100106882772.html
2024-11-14,159.0,绘威A4打印纸70g500张 5包复印纸 双面加厚草稿纸 打印书写绘画,146,2025-05-26,http://item.jd.com/100106882772.html
2024-11-15,159.0,绘威A4打印纸70g500张 5包复印纸 双面加厚草稿纸 打印书写绘画,146,2025-05-26,http://item.jd.com/100106882772.html
2024-11-15,159.0,绘威A4打印纸70g500张 5包复印纸 双面加厚草稿纸 打印书写绘画,146,2025-05-26,http://item.jd.com/100106882772.html
2024-11-16,159.0,绘威A4打印纸70g500张 5包复印纸 双面加厚草稿纸 打印书写绘画,146,2025-05-26,http://item.jd.com/100106882772.html
2024-11-16,159.0,绘威A4打印纸70g500张 5包复印纸 双面加厚草稿纸 打印书写绘画,146,2025-05-26,http://item.jd.com/100106882772.html
2024-11-17,159.0,绘威A4打印纸70g500张 5包复印纸 双面加厚草稿纸 打印书写绘画,146,2025-05-26,http://item.jd.com/100106882772.html
2024-11-17,159.0,绘威A4打印纸70g500张 5包复印纸 双面加厚草稿纸 打印书写绘画,146,2025-05-26,http://item.jd.com/100106882772.html
2024-11-18,159.0,绘威A4打印纸70g500张 5包复印纸 双面加厚草稿纸 打印书写绘画,146,2025-05-26,http://item.jd.com/100106882772.html
2024-11-18,159.0,绘威A4打印纸70g500张 5包复印纸 双面加厚草稿纸 打印书写绘画,146,2025-05-26,http://item.jd.com/100106882772.html
2024-11-19,159.0,绘威A4打印纸70g500张 5包复印纸 双面加厚草稿纸 打印书写绘画,146,2025-05-26,http://item.jd.com/100106882772.html
2024-11-19,159.0,绘威A4打印纸70g500张 5包复印纸 双面加厚草稿纸 打印书写绘画,146,2025-05-26,http://item.jd.com/100106882772.html
2024-11-20,159.0,绘威A4打印纸70g500张 5包复印纸 双面加厚草稿纸 打印书写绘画,146,2025-05-26,http://item.jd.com/100106882772.html
2024-11-20,159.0,绘威A4打印纸70g500张 5包复印纸 双面加厚草稿纸 打印书写绘画,146,2025-05-26,http://item.jd.com/100106882772.html
2024-11-21,159.0,绘威A4打印纸70g500张 5包复印纸 双面加厚草稿纸 打印书写绘画,146,2025-05-26,http://item.jd.com/100106882772.html
2024-11-21,159.0,绘威A4打印纸70g500张 5包复印纸 双面加厚草稿纸 打印书写绘画,146,2025-05-26,http://item.jd.com/100106882772.html
2024-11-22,159.0,绘威A4打印纸70g500张 5包复印纸 双面加厚草稿纸 打印书写绘画,146,2025-05-26,http://item.jd.com/100106882772.html
2024-11-22,159.0,绘威A4打印纸70g500张 5包复印纸 双面加厚草稿纸 打印书写绘画,146,2025-05-26,http://item.jd.com/100106882772.html
2024-11-23,159.0,绘威A4打印纸70g500张 5包复印纸 双面加厚草稿纸 打印书写绘画,146,2025-05-26,http://item.jd.com/100106882772.html
2024-11-23,159.0,绘威A4打印纸70g500张 5包复印纸 双面加厚草稿纸 打印书写绘画,146,2025-05-26,http://item.jd.com/100106882772.html
2024-11-24,159.0,绘威A4打印纸70g500张 5包复印纸 双面加厚草稿纸 打印书写绘画,146,2025-05-26,http://item.jd.com/100106882772.html
2024-11-24,159.0,绘威A4打印纸70g500张 5包复印纸 双面加厚草稿纸 打印书写绘画,146,2025-05-26,http://item.jd.com/100106882772.html
2024-11-25,159.0,绘威A4打印纸70g500张 5包复印纸 双面加厚草稿纸 打印书写绘画,146,2025-05-26,http://item.jd.com/100106882772.html
2024-11-25,159.0,绘威A4打印纸70g500张 5包复印纸 双面加厚草稿纸 打印书写绘画,146,2025-05-26,http://item.jd.com/100106882772.html
2024-11-26,159.0,绘威A4打印纸70g500张 5包复印纸 双面加厚草稿纸 打印书写绘画,146,2025-05-26,http://item.jd.com/100106882772.html
2024-11-26,159.0,绘威A4打印纸70g500张 5包复印纸 双面加厚草稿纸 打印书写绘画,146,2025-05-26,http://item.jd.com/100106882772.html
2024-11-27,159.0,绘威A4打印纸70g500张 5包复印纸 双面加厚草稿纸 打印书写绘画,146,2025-05-26,http://item.jd.com/100106882772.html
2024-11-27,159.0,绘威A4打印纸70g500张 5包复印纸 双面加厚草稿纸 打印书写绘画,146,2025-05-26,http://item.jd.com/100106882772.html
2024-11-28,159.0,绘威A4打印纸70g500张 5包复印纸 双面加厚草稿纸 打印书写绘画,146,2025-05-26,http://item.jd.com/100106882772.html
2024-11-28,159.0,绘威A4打印纸70g500张 5包复印纸 双面加厚草稿纸 打印书写绘画,146,2025-05-26,http://item.jd.com/100106882772.html
2024-11-29,159.0,绘威A4打印纸70g500张 5包复印纸 双面加厚草稿纸 打印书写绘画,146,2025-05-26,http://item.jd.com/100106882772.html
2024-11-29,159.0,绘威A4打印纸70g500张 5包复印纸 双面加厚草稿纸 打印书写绘画,146,2025-05-26,http://item.jd.com/100106882772.html
2024-11-30,159.0,绘威A4打印纸70g500张 5包复印纸 双面加厚草稿纸 打印书写绘画,146,2025-05-26,http://item.jd.com/100106882772.html
2024-11-30,159.0,绘威A4打印纸70g500张 5包复印纸 双面加厚草稿纸 打印书写绘画,146,2025-05-26,http://item.jd.com/100106882772.html
2024-12-01,159.0,绘威A4打印纸70g500张 5包复印纸 双面加厚草稿纸 打印书写绘画,146,2025-05-26,http://item.jd.com/100106882772.html
2024-12-01,159.0,绘威A4打印纸70g500张 5包复印纸 双面加厚草稿纸 打印书写绘画,146,2025-05-26,http://item.jd.com/100106882772.html
2024-12-02,159.0,绘威A4打印纸70g500张 5包复印纸 双面加厚草稿纸 打印书写绘画,146,2025-05-26,http://item.jd.com/100106882772.html
2024-12-02,159.0,绘威A4打印纸70g500张 5包复印纸 双面加厚草稿纸 打印书写绘画,146,2025-05-26,http://item.jd.com/100106882772.html
2024-12-03,159.0,绘威A4打印纸70g500张 5包复印纸 双面加厚草稿纸 打印书写绘画,146,2025-05-26,http://item.jd.com/100106882772.html
2024-12-03,159.0,绘威A4打印纸70g500张 5包复印纸 双面加厚草稿纸 打印书写绘画,146,2025-05-26,http://item.jd.com/100106882772.html
2024-12-04,159.0,绘威A4打印纸70g500张 5包复印纸 双面加厚草稿纸 打印书写绘画,146,2025-05-26,http://item.jd.com/100106882772.html
2024-12-04,159.0,绘威A4打印纸70g500张 5包复印纸 双面加厚草稿纸 打印书写绘画,146,2025-05-26,http://item.jd.com/100106882772.html
2024-12-05,159.0,绘威A4打印纸70g500张 5包复印纸 双面加厚草稿纸 打印书写绘画,146,2025-05-26,http://item.jd.com/100106882772.html
2024-12-05,159.0,绘威A4打印纸70g500张 5包复印纸 双面加厚草稿纸 打印书写绘画,146,2025-05-26,http://item.jd.com/100106882772.html
2024-12-06,159.0,绘威A4打印纸70g500张 5包复印纸 双面加厚草稿纸 打印书写绘画,146,2025-05-26,http://item.jd.com/100106882772.html
2024-12-06,159.0,绘威A4打印纸70g500张 5包复印纸 双面加厚草稿纸 打印书写绘画,146,2025-05-26,http://item.jd.com/100106882772.html
2024-12-07,159.0,绘威A4打印纸70g500张 5包复印纸 双面加厚草稿纸 打印书写绘画,146,2025-05-26,http://item.jd.com/100106882772.html
2024-12-07,159.0,绘威A4打印纸70g500张 5包复印纸 双面加厚草稿纸 打印书写绘画,146,2025-05-26,http://item.jd.com/100106882772.html
2024-12-08,159.0,绘威A4打印纸70g500张 5包复印纸 双面加厚草稿纸 打印书写绘画,146,2025-05-26,http://item.jd.com/100106882772.html
2024-12-08,159.0,绘威A4打印纸70g500张 5包复印纸 双面加厚草稿纸 打印书写绘画,146,2025-05-26,http://item.jd.com/100106882772.html
2024-12-09,159.0,绘威A4打印纸70g500张 5包复印纸 双面加厚草稿纸 打印书写绘画,146,2025-05-26,http://item.jd.com/100106882772.html
2024-12-09,159.0,绘威A4打印纸70g500张 5包复印纸 双面加厚草稿纸 打印书写绘画,146,2025-05-26,http://item.jd.com/100106882772.html
2024-12-10,159.0,绘威A4打印纸70g500张 5包复印纸 双面加厚草稿纸 打印书写绘画,146,2025-05-26,http://item.jd.com/100106882772.html
2024-12-10,159.0,绘威A4打印纸70g500张 5包复印纸 双面加厚草稿纸 打印书写绘画,146,2025-05-26,http://item.jd.com/100106882772.html
2024-12-11,159.0,绘威A4打印纸70g500张 5包复印纸 双面加厚草稿纸 打印书写绘画,146,2025-05-26,http://item.jd.com/100106882772.html
2024-12-11,159.0,绘威A4打印纸70g500张 5包复印纸 双面加厚草稿纸 打印书写绘画,146,2025-05-26,http://item.jd.com/100106882772.html
2024-12-12,159.0,绘威A4打印纸70g500张 5包复印纸 双面加厚草稿纸 打印书写绘画,146,2025-05-26,http://item.jd.com/100106882772.html
2024-12-12,159.0,绘威A4打印纸70g500张 5包复印纸 双面加厚草稿纸 打印书写绘画,146,2025-05-26,http://item.jd.com/100106882772.html
2024-12-13,159.0,绘威A4打印纸70g500张 5包复印纸 双面加厚草稿纸 打印书写绘画,146,2025-05-26,http://item.jd.com/100106882772.html
2024-12-13,159.0,绘威A4打印纸70g500张 5包复印纸 双面加厚草稿纸 打印书写绘画,146,2025-05-26,http://item.jd.com/100106882772.html
2024-12-14,159.0,绘威A4打印纸70g500张 5包复印纸 双面加厚草稿纸 打印书写绘画,146,2025-05-26,http://item.jd.com/100106882772.html
2024-12-14,159.0,绘威A4打印纸70g500张 5包复印纸 双面加厚草稿纸 打印书写绘画,146,2025-05-26,http://item.jd.com/100106882772.html
2024-12-15,159.0,绘威A4打印纸70g500张 5包复印纸 双面加厚草稿纸 打印书写绘画,146,2025-05-26,http://item.jd.com/100106882772.html
2024-12-15,159.0,绘威A4打印纸70g500张 5包复印纸 双面加厚草稿纸 打印书写绘画,146,2025-05-26,http://item.jd.com/100106882772.html
2024-12-16,159.0,绘威A4打印纸70g500张 5包复印纸 双面加厚草稿纸 打印书写绘画,146,2025-05-26,http://item.jd.com/100106882772.html
2024-12-16,159.0,绘威A4打印纸70g500张 5包复印纸 双面加厚草稿纸 打印书写绘画,146,2025-05-26,http://item.jd.com/100106882772.html
2024-12-17,159.0,绘威A4打印纸70g500张 5包复印纸 双面加厚草稿纸 打印书写绘画,146,2025-05-26,http://item.jd.com/100106882772.html
2024-12-17,159.0,绘威A4打印纸70g500张 5包复印纸 双面加厚草稿纸 打印书写绘画,146,2025-05-26,http://item.jd.com/100106882772.html
2024-12-18,159.0,绘威A4打印纸70g500张 5包复印纸 双面加厚草稿纸 打印书写绘画,146,2025-05-26,http://item.jd.com/100106882772.html
2024-12-18,159.0,绘威A4打印纸70g500张 5包复印纸 双面加厚草稿纸 打印书写绘画,146,2025-05-26,http://item.jd.com/100106882772.html
2024-12-19,159.0,绘威A4打印纸70g500张 5包复印纸 双面加厚草稿纸 打印书写绘画,146,2025-05-26,http://item.jd.com/100106882772.html
2024-12-19,159.0,绘威A4打印纸70g500张 5包复印纸 双面加厚草稿纸 打印书写绘画,146,2025-05-26,http://item.jd.com/100106882772.html
2024-12-20,159.0,绘威A4打印纸70g500张 5包复印纸 双面加厚草稿纸 打印书写绘画,146,2025-05-26,http://item.jd.com/100106882772.html
2024-12-20,159.0,绘威A4打印纸70g500张 5包复印纸 双面加厚草稿纸 打印书写绘画,146,2025-05-26,http://item.jd.com/100106882772.html
2024-12-21,159.0,绘威A4打印纸70g500张 5包复印纸 双面加厚草稿纸 打印书写绘画,146,2025-05-26,http://item.jd.com/100106882772.html
2024-12-21,159.0,绘威A4打印纸70g500张 5包复印纸 双面加厚草稿纸 打印书写绘画,146,2025-05-26,http://item.jd.com/100106882772.html
2024-12-22,159.0,绘威A4打印纸70g500张 5包复印纸 双面加厚草稿纸 打印书写绘画,146,2025-05-26,http://item.jd.com/100106882772.html
2024-12-22,159.0,绘威A4打印纸70g500张 5包复印纸 双面加厚草稿纸 打印书写绘画,146,2025-05-26,http://item.jd.com/100106882772.html
2024-12-23,159.0,绘威A4打印纸70g500张 5包复印纸 双面加厚草稿纸 打印书写绘画,146,2025-05-26,http://item.jd.com/100106882772.html
2024-12-23,159.0,绘威A4打印纸70g500张 5包复印纸 双面加厚草稿纸 打印书写绘画,146,2025-05-26,http://item.jd.com/100106882772.html
2024-12-24,159.0,绘威A4打印纸70g500张 5包复印纸 双面加厚草稿纸 打印书写绘画,146,2025-05-26,http://item.jd.com/100106882772.html
2024-12-24,159.0,绘威A4打印纸70g500张 5包复印纸 双面加厚草稿纸 打印书写绘画,146,2025-05-26,http://item.jd.com/100106882772.html
2024-12-25,159.0,绘威A4打印纸70g500张 5包复印纸 双面加厚草稿纸 打印书写绘画,146,2025-05-26,http://item.jd.com/100106882772.html
2024-12-25,159.0,绘威A4打印纸70g500张 5包复印纸 双面加厚草稿纸 打印书写绘画,146,2025-05-26,http://item.jd.com/100106882772.html
2024-12-26,159.0,绘威A4打印纸70g500张 5包复印纸 双面加厚草稿纸 打印书写绘画,146,2025-05-26,http://item.jd.com/100106882772.html
2024-12-26,159.0,绘威A4打印纸70g500张 5包复印纸 双面加厚草稿纸 打印书写绘画,146,2025-05-26,http://item.jd.com/100106882772.html
2024-12-27,159.0,绘威A4打印纸70g500张 5包复印纸 双面加厚草稿纸 打印书写绘画,146,2025-05-26,http://item.jd.com/100106882772.html
2024-12-27,159.0,绘威A4打印纸70g500张 5包复印纸 双面加厚草稿纸 打印书写绘画,146,2025-05-26,http://item.jd.com/100106882772.html
2024-12-28,159.0,绘威A4打印纸70g500张 5包复印纸 双面加厚草稿纸 打印书写绘画,146,2025-05-26,http://item.jd.com/100106882772.html
2024-12-28,159.0,绘威A4打印纸70g500张 5包复印纸 双面加厚草稿纸 打印书写绘画,146,2025-05-26,http://item.jd.com/100106882772.html
2024-12-29,159.0,绘威A4打印纸70g500张 5包复印纸 双面加厚草稿纸 打印书写绘画,146,2025-05-26,http://item.jd.com/100106882772.html
2024-12-29,159.0,绘威A4打印纸70g500张 5包复印纸 双面加厚草稿纸 打印书写绘画,146,2025-05-26,http://item.jd.com/100106882772.html
2024-12-30,159.0,绘威A4打印纸70g500张 5包复印纸 双面加厚草稿纸 打印书写绘画,146,2025-05-26,http://item.jd.com/100106882772.html
2024-12-29,159.0,绘威A4打印纸70g500张 5包复印纸 双面加厚草稿纸 打印书写绘画,146,2025-05-26,http://item.jd.com/100106882772.html
2024-12-30,159.0,绘威A4打印纸70g500张 5包复印纸 双面加厚草稿纸 打印书写绘画,146,2025-05-26,http://item.jd.com/100106882772.html
2024-12-31,159.0,绘威A4打印纸70g500张 5包复印纸 双面加厚草稿纸 打印书写绘画,146,2025-05-26,http://item.jd.com/100106882772.html
2025-01-01,159.0,绘威A4打印纸70g500张 5包复印纸 双面加厚草稿纸 打印书写绘画,146,2025-05-26,http://item.jd.com/100106882772.html
2025-01-01,159.0,绘威A4打印纸70g500张 5包复印纸 双面加厚草稿纸 打印书写绘画,146,2025-05-26,http://item.jd.com/100106882772.html
2025-01-02,159.0,绘威A4打印纸70g500张 5包复印纸 双面加厚草稿纸 打印书写绘画,146,2025-05-26,http://item.jd.com/100106882772.html
2025-01-02,159.0,绘威A4打印纸70g500张 5包复印纸 双面加厚草稿纸 打印书写绘画,146,2025-05-26,http://item.jd.com/100106882772.html
2025-01-03,159.0,绘威A4打印纸70g500张 5包复印纸 双面加厚草稿纸 打印书写绘画,146,2025-05-26,http://item.jd.com/100106882772.html
2025-01-03,159.0,绘威A4打印纸70g500张 5包复印纸 双面加厚草稿纸 打印书写绘画,146,2025-05-26,http://item.jd.com/100106882772.html
2025-01-04,159.0,绘威A4打印纸70g500张 5包复印纸 双面加厚草稿纸 打印书写绘画,146,2025-05-26,http://item.jd.com/100106882772.html
2025-01-04,159.0,绘威A4打印纸70g500张 5包复印纸 双面加厚草稿纸 打印书写绘画,146,2025-05-26,http://item.jd.com/100106882772.html
2025-01-05,159.0,绘威A4打印纸70g500张 5包复印纸 双面加厚草稿纸 打印书写绘画,146,2025-05-26,http://item.jd.com/100106882772.html
2025-01-05,159.0,绘威A4打印纸70g500张 5包复印纸 双面加厚草稿纸 打印书写绘画,146,2025-05-26,http://item.jd.com/100106882772.html
2025-01-06,159.0,绘威A4打印纸70g500张 5包复印纸 双面加厚草稿纸 打印书写绘画,146,2025-05-26,http://item.jd.com/100106882772.html
2025-01-06,159.0,绘威A4打印纸70g500张 5包复印纸 双面加厚草稿纸 打印书写绘画,146,2025-05-26,http://item.jd.com/100106882772.html
2025-01-07,159.0,绘威A4打印纸70g500张 5包复印纸 双面加厚草稿纸 打印书写绘画,146,2025-05-26,http://item.jd.com/100106882772.html
2025-01-07,159.0,绘威A4打印纸70g500张 5包复印纸 双面加厚草稿纸 打印书写绘画,146,2025-05-26,http://item.jd.com/100106882772.html
2025-01-08,159.0,绘威A4打印纸70g500张 5包复印纸 双面加厚草稿纸 打印书写绘画,146,2025-05-26,http://item.jd.com/100106882772.html
2025-01-08,159.0,绘威A4打印纸70g500张 5包复印纸 双面加厚草稿纸 打印书写绘画,146,2025-05-26,http://item.jd.com/100106882772.html
2025-01-09,159.0,绘威A4打印纸70g500张 5包复印纸 双面加厚草稿纸 打印书写绘画,146,2025-05-26,http://item.jd.com/100106882772.html
2025-01-09,159.0,绘威A4打印纸70g500张 5包复印纸 双面加厚草稿纸 打印书写绘画,146,2025-05-26,http://item.jd.com/100106882772.html
2025-01-10,159.0,绘威A4打印纸70g500张 5包复印纸 双面加厚草稿纸 打印书写绘画,146,2025-05-26,http://item.jd.com/100106882772.html
2025-01-10,159.0,绘威A4打印纸70g500张 5包复印纸 双面加厚草稿纸 打印书写绘画,146,2025-05-26,http://item.jd.com/100106882772.html
2025-01-11,159.0,绘威A4打印纸70g500张 5包复印纸 双面加厚草稿纸 打印书写绘画,146,2025-05-26,http://item.jd.com/100106882772.html
2025-01-11,159.0,绘威A4打印纸70g500张 5包复印纸 双面加厚草稿纸 打印书写绘画,146,2025-05-26,http://item.jd.com/100106882772.html
2025-01-12,159.0,绘威A4打印纸70g500张 5包复印纸 双面加厚草稿纸 打印书写绘画,146,2025-05-26,http://item.jd.com/100106882772.html
2025-01-12,159.0,绘威A4打印纸70g500张 5包复印纸 双面加厚草稿纸 打印书写绘画,146,2025-05-26,http://item.jd.com/100106882772.html
2025-01-13,159.0,绘威A4打印纸70g500张 5包复印纸 双面加厚草稿纸 打印书写绘画,146,2025-05-26,http://item.jd.com/100106882772.html
2025-01-13,159.0,绘威A4打印纸70g500张 5包复印纸 双面加厚草稿纸 打印书写绘画,146,2025-05-26,http://item.jd.com/100106882772.html
2025-01-14,159.0,绘威A4打印纸70g500张 5包复印纸 双面加厚草稿纸 打印书写绘画,146,2025-05-26,http://item.jd.com/100106882772.html
2025-01-14,159.0,绘威A4打印纸70g500张 5包复印纸 双面加厚草稿纸 打印书写绘画,146,2025-05-26,http://item.jd.com/100106882772.html
2025-01-15,159.0,绘威A4打印纸70g500张 5包复印纸 双面加厚草稿纸 打印书写绘画,146,2025-05-26,http://item.jd.com/100106882772.html
2025-01-15,159.0,绘威A4打印纸70g500张 5包复印纸 双面加厚草稿纸 打印书写绘画,146,2025-05-26,http://item.jd.com/100106882772.html
2025-01-16,159.0,绘威A4打印纸70g500张 5包复印纸 双面加厚草稿纸 打印书写绘画,146,2025-05-26,http://item.jd.com/100106882772.html
2025-01-16,159.0,绘威A4打印纸70g500张 5包复印纸 双面加厚草稿纸 打印书写绘画,146,2025-05-26,http://item.jd.com/100106882772.html
2025-01-17,159.0,绘威A4打印纸70g500张 5包复印纸 双面加厚草稿纸 打印书写绘画,146,2025-05-26,http://item.jd.com/100106882772.html
2025-01-17,159.0,绘威A4打印纸70g500张 5包复印纸 双面加厚草稿纸 打印书写绘画,146,2025-05-26,http://item.jd.com/100106882772.html
2025-01-18,159.0,绘威A4打印纸70g500张 5包复印纸 双面加厚草稿纸 打印书写绘画,146,2025-05-26,http://item.jd.com/100106882772.html
2025-01-18,159.0,绘威A4打印纸70g500张 5包复印纸 双面加厚草稿纸 打印书写绘画,146,2025-05-26,http://item.jd.com/100106882772.html
2025-01-19,159.0,绘威A4打印纸70g500张 5包复印纸 双面加厚草稿纸 打印书写绘画,146,2025-05-26,http://item.jd.com/100106882772.html
2025-01-19,159.0,绘威A4打印纸70g500张 5包复印纸 双面加厚草稿纸 打印书写绘画,146,2025-05-26,http://item.jd.com/100106882772.html
2025-01-20,159.0,绘威A4打印纸70g500张 5包复印纸 双面加厚草稿纸 打印书写绘画,146,2025-05-26,http://item.jd.com/100106882772.html
2025-01-20,159.0,绘威A4打印纸70g500张 5包复印纸 双面加厚草稿纸 打印书写绘画,146,2025-05-26,http://item.jd.com/100106882772.html
2025-01-21,159.0,绘威A4打印纸70g500张 5包复印纸 双面加厚草稿纸 打印书写绘画,146,2025-05-26,http://item.jd.com/100106882772.html
2025-01-21,159.0,绘威A4打印纸70g500张 5包复印纸 双面加厚草稿纸 打印书写绘画,146,2025-05-26,http://item.jd.com/100106882772.html
2025-01-22,159.0,绘威A4打印纸70g500张 5包复印纸 双面加厚草稿纸 打印书写绘画,146,2025-05-26,http://item.jd.com/100106882772.html
2025-01-22,159.0,绘威A4打印纸70g500张 5包复印纸 双面加厚草稿纸 打印书写绘画,146,2025-05-26,http://item.jd.com/100106882772.html
2025-01-23,159.0,绘威A4打印纸70g500张 5包复印纸 双面加厚草稿纸 打印书写绘画,146,2025-05-26,http://item.jd.com/100106882772.html
2025-01-23,159.0,绘威A4打印纸70g500张 5包复印纸 双面加厚草稿纸 打印书写绘画,146,2025-05-26,http://item.jd.com/100106882772.html
2025-01-24,159.0,绘威A4打印纸70g500张 5包复印纸 双面加厚草稿纸 打印书写绘画,146,2025-05-26,http://item.jd.com/100106882772.html
2025-01-24,159.0,绘威A4打印纸70g500张 5包复印纸 双面加厚草稿纸 打印书写绘画,146,2025-05-26,http://item.jd.com/100106882772.html
2025-01-25,159.0,绘威A4打印纸70g500张 5包复印纸 双面加厚草稿纸 打印书写绘画,146,2025-05-26,http://item.jd.com/100106882772.html
2025-01-25,159.0,绘威A4打印纸70g500张 5包复印纸 双面加厚草稿纸 打印书写绘画,146,2025-05-26,http://item.jd.com/100106882772.html
2025-01-26,159.0,绘威A4打印纸70g500张 5包复印纸 双面加厚草稿纸 打印书写绘画,146,2025-05-26,http://item.jd.com/100106882772.html
2025-01-26,159.0,绘威A4打印纸70g500张 5包复印纸 双面加厚草稿纸 打印书写绘画,146,2025-05-26,http://item.jd.com/100106882772.html
2025-01-27,159.0,绘威A4打印纸70g500张 5包复印纸 双面加厚草稿纸 打印书写绘画,146,2025-05-26,http://item.jd.com/100106882772.html
2025-01-27,159.0,绘威A4打印纸70g500张 5包复印纸 双面加厚草稿纸 打印书写绘画,146,2025-05-26,http://item.jd.com/100106882772.html
2025-01-28,159.0,绘威A4打印纸70g500张 5包复印纸 双面加厚草稿纸 打印书写绘画,146,2025-05-26,http://item.jd.com/100106882772.html
2025-01-28,159.0,绘威A4打印纸70g500张 5包复印纸 双面加厚草稿纸 打印书写绘画,146,2025-05-26,http://item.jd.com/100106882772.html
2025-01-29,159.0,绘威A4打印纸70g500张 5包复印纸 双面加厚草稿纸 打印书写绘画,146,2025-05-26,http://item.jd.com/100106882772.html
2025-01-29,159.0,绘威A4打印纸70g500张 5包复印纸 双面加厚草稿纸 打印书写绘画,146,2025-05-26,http://item.jd.com/100106882772.html
2025-01-30,159.0,绘威A4打印纸70g500张 5包复印纸 双面加厚草稿纸 打印书写绘画,146,2025-05-26,http://item.jd.com/100106882772.html
2025-01-30,159.0,绘威A4打印纸70g500张 5包复印纸 双面加厚草稿纸 打印书写绘画,146,2025-05-26,http://item.jd.com/100106882772.html
2025-01-31,159.0,绘威A4打印纸70g500张 5包复印纸 双面加厚草稿纸 打印书写绘画,146,2025-05-26,http://item.jd.com/100106882772.html
2025-01-31,159.0,绘威A4打印纸70g500张 5包复印纸 双面加厚草稿纸 打印书写绘画,146,2025-05-26,http://item.jd.com/100106882772.html
2025-02-01,159.0,绘威A4打印纸70g500张 5包复印纸 双面加厚草稿纸 打印书写绘画,146,2025-05-26,http://item.jd.com/100106882772.html
2025-02-01,159.0,绘威A4打印纸70g500张 5包复印纸 双面加厚草稿纸 打印书写绘画,146,2025-05-26,http://item.jd.com/100106882772.html
2025-02-02,159.0,绘威A4打印纸70g500张 5包复印纸 双面加厚草稿纸 打印书写绘画,146,2025-05-26,http://item.jd.com/100106882772.html
2025-02-02,159.0,绘威A4打印纸70g500张 5包复印纸 双面加厚草稿纸 打印书写绘画,146,2025-05-26,http://item.jd.com/100106882772.html
2025-02-03,159.0,绘威A4打印纸70g500张 5包复印纸 双面加厚草稿纸 打印书写绘画,146,2025-05-26,http://item.jd.com/100106882772.html
2025-02-03,159.0,绘威A4打印纸70g500张 5包复印纸 双面加厚草稿纸 打印书写绘画,146,2025-05-26,http://item.jd.com/100106882772.html
2025-02-04,159.0,绘威A4打印纸70g500张 5包复印纸 双面加厚草稿纸 打印书写绘画,146,2025-05-26,http://item.jd.com/100106882772.html
2025-02-04,159.0,绘威A4打印纸70g500张 5包复印纸 双面加厚草稿纸 打印书写绘画,146,2025-05-26,http://item.jd.com/100106882772.html
2025-02-05,159.0,绘威A4打印纸70g500张 5包复印纸 双面加厚草稿纸 打印书写绘画,146,2025-05-26,http://item.jd.com/100106882772.html
2025-02-05,159.0,绘威A4打印纸70g500张 5包复印纸 双面加厚草稿纸 打印书写绘画,146,2025-05-26,http://item.jd.com/100106882772.html
2025-02-06,159.0,绘威A4打印纸70g500张 5包复印纸 双面加厚草稿纸 打印书写绘画,146,2025-05-26,http://item.jd.com/100106882772.html
2025-02-06,159.0,绘威A4打印纸70g500张 5包复印纸 双面加厚草稿纸 打印书写绘画,146,2025-05-26,http://item.jd.com/100106882772.html
2025-02-07,159.0,绘威A4打印纸70g500张 5包复印纸 双面加厚草稿纸 打印书写绘画,146,2025-05-26,http://item.jd.com/100106882772.html
2025-02-07,159.0,绘威A4打印纸70g500张 5包复印纸 双面加厚草稿纸 打印书写绘画,146,2025-05-26,http://item.jd.com/100106882772.html
2025-02-08,159.0,绘威A4打印纸70g500张 5包复印纸 双面加厚草稿纸 打印书写绘画,146,2025-05-26,http://item.jd.com/100106882772.html
2025-02-08,159.0,绘威A4打印纸70g500张 5包复印纸 双面加厚草稿纸 打印书写绘画,146,2025-05-26,http://item.jd.com/100106882772.html
2025-02-09,159.0,绘威A4打印纸70g500张 5包复印纸 双面加厚草稿纸 打印书写绘画,146,2025-05-26,http://item.jd.com/100106882772.html
2025-02-09,159.0,绘威A4打印纸70g500张 5包复印纸 双面加厚草稿纸 打印书写绘画,146,2025-05-26,http://item.jd.com/100106882772.html
2025-02-10,159.0,绘威A4打印纸70g500张 5包复印纸 双面加厚草稿纸 打印书写绘画,146,2025-05-26,http://item.jd.com/100106882772.html
2025-02-10,159.0,绘威A4打印纸70g500张 5包复印纸 双面加厚草稿纸 打印书写绘画,146,2025-05-26,http://item.jd.com/100106882772.html
2025-02-11,159.0,绘威A4打印纸70g500张 5包复印纸 双面加厚草稿纸 打印书写绘画,146,2025-05-26,http://item.jd.com/100106882772.html
2025-02-11,159.0,绘威A4打印纸70g500张 5包复印纸 双面加厚草稿纸 打印书写绘画,146,2025-05-26,http://item.jd.com/100106882772.html
2025-02-12,159.0,绘威A4打印纸70g500张 5包复印纸 双面加厚草稿纸 打印书写绘画,146,2025-05-26,http://item.jd.com/100106882772.html
2025-02-12,159.0,绘威A4打印纸70g500张 5包复印纸 双面加厚草稿纸 打印书写绘画,146,2025-05-26,http://item.jd.com/100106882772.html
2025-02-13,159.0,绘威A4打印纸70g500张 5包复印纸 双面加厚草稿纸 打印书写绘画,146,2025-05-26,http://item.jd.com/100106882772.html
2025-02-13,159.0,绘威A4打印纸70g500张 5包复印纸 双面加厚草稿纸 打印书写绘画,146,2025-05-26,http://item.jd.com/100106882772.html
2025-02-14,159.0,绘威A4打印纸70g500张 5包复印纸 双面加厚草稿纸 打印书写绘画,146,2025-05-26,http://item.jd.com/100106882772.html
2025-02-14,159.0,绘威A4打印纸70g500张 5包复印纸 双面加厚草稿纸 打印书写绘画,146,2025-05-26,http://item.jd.com/100106882772.html
2025-02-15,159.0,绘威A4打印纸70g500张 5包复印纸 双面加厚草稿纸 打印书写绘画,146,2025-05-26,http://item.jd.com/100106882772.html
2025-02-15,159.0,绘威A4打印纸70g500张 5包复印纸 双面加厚草稿纸 打印书写绘画,146,2025-05-26,http://item.jd.com/100106882772.html
2025-02-16,159.0,绘威A4打印纸70g500张 5包复印纸 双面加厚草稿纸 打印书写绘画,146,2025-05-26,http://item.jd.com/100106882772.html
2025-02-16,159.0,绘威A4打印纸70g500张 5包复印纸 双面加厚草稿纸 打印书写绘画,146,2025-05-26,http://item.jd.com/100106882772.html
2025-02-17,159.0,绘威A4打印纸70g500张 5包复印纸 双面加厚草稿纸 打印书写绘画,146,2025-05-26,http://item.jd.com/100106882772.html
2025-02-17,159.0,绘威A4打印纸70g500张 5包复印纸 双面加厚草稿纸 打印书写绘画,146,2025-05-26,http://item.jd.com/100106882772.html
2025-02-18,159.0,绘威A4打印纸70g500张 5包复印纸 双面加厚草稿纸 打印书写绘画,146,2025-05-26,http://item.jd.com/100106882772.html
2025-02-18,159.0,绘威A4打印纸70g500张 5包复印纸 双面加厚草稿纸 打印书写绘画,146,2025-05-26,http://item.jd.com/100106882772.html
2025-02-19,159.0,绘威A4打印纸70g500张 5包复印纸 双面加厚草稿纸 打印书写绘画,146,2025-05-26,http://item.jd.com/100106882772.html
2025-02-19,159.0,绘威A4打印纸70g500张 5包复印纸 双面加厚草稿纸 打印书写绘画,146,2025-05-26,http://item.jd.com/100106882772.html
2025-02-20,159.0,绘威A4打印纸70g500张 5包复印纸 双面加厚草稿纸 打印书写绘画,146,2025-05-26,http://item.jd.com/100106882772.html
2025-02-20,159.0,绘威A4打印纸70g500张 5包复印纸 双面加厚草稿纸 打印书写绘画,146,2025-05-26,http://item.jd.com/100106882772.html
2025-02-21,159.0,绘威A4打印纸70g500张 5包复印纸 双面加厚草稿纸 打印书写绘画,146,2025-05-26,http://item.jd.com/100106882772.html
2025-02-21,159.0,绘威A4打印纸70g500张 5包复印纸 双面加厚草稿纸 打印书写绘画,146,2025-05-26,http://item.jd.com/100106882772.html
2025-02-22,159.0,绘威A4打印纸70g500张 5包复印纸 双面加厚草稿纸 打印书写绘画,146,2025-05-26,http://item.jd.com/100106882772.html
2025-02-22,159.0,绘威A4打印纸70g500张 5包复印纸 双面加厚草稿纸 打印书写绘画,146,2025-05-26,http://item.jd.com/100106882772.html
2025-02-23,159.0,绘威A4打印纸70g500张 5包复印纸 双面加厚草稿纸 打印书写绘画,146,2025-05-26,http://item.jd.com/100106882772.html
2025-02-23,159.0,绘威A4打印纸70g500张 5包复印纸 双面加厚草稿纸 打印书写绘画,146,2025-05-26,http://item.jd.com/100106882772.html
2025-02-24,159.0,绘威A4打印纸70g500张 5包复印纸 双面加厚草稿纸 打印书写绘画,146,2025-05-26,http://item.jd.com/100106882772.html
2025-02-24,159.0,绘威A4打印纸70g500张 5包复印纸 双面加厚草稿纸 打印书写绘画,146,2025-05-26,http://item.jd.com/100106882772.html
2025-02-25,159.0,绘威A4打印纸70g500张 5包复印纸 双面加厚草稿纸 打印书写绘画,146,2025-05-26,http://item.jd.com/100106882772.html
2025-02-25,159.0,绘威A4打印纸70g500张 5包复印纸 双面加厚草稿纸 打印书写绘画,146,2025-05-26,http://item.jd.com/100106882772.html
2025-02-26,159.0,绘威A4打印纸70g500张 5包复印纸 双面加厚草稿纸 打印书写绘画,146,2025-05-26,http://item.jd.com/100106882772.html
2025-02-26,159.0,绘威A4打印纸70g500张 5包复印纸 双面加厚草稿纸 打印书写绘画,146,2025-05-26,http://item.jd.com/100106882772.html
2025-02-27,159.0,绘威A4打印纸70g500张 5包复印纸 双面加厚草稿纸 打印书写绘画,146,2025-05-26,http://item.jd.com/100106882772.html
2025-02-27,159.0,绘威A4打印纸70g500张 5包复印纸 双面加厚草稿纸 打印书写绘画,146,2025-05-26,http://item.jd.com/100106882772.html
2025-02-28,159.0,绘威A4打印纸70g500张 5包复印纸 双面加厚草稿纸 打印书写绘画,146,2025-05-26,http://item.jd.com/100106882772.html
2025-02-28,159.0,绘威A4打印纸70g500张 5包复印纸 双面加厚草稿纸 打印书写绘画,146,2025-05-26,http://item.jd.com/100106882772.html
2025-03-01,159.0,绘威A4打印纸70g500张 5包复印纸 双面加厚草稿纸 打印书写绘画,146,2025-05-26,http://item.jd.com/100106882772.html
2025-03-01,159.0,绘威A4打印纸70g500张 5包复印纸 双面加厚草稿纸 打印书写绘画,146,2025-05-26,http://item.jd.com/100106882772.html
2025-03-02,159.0,绘威A4打印纸70g500张 5包复印纸 双面加厚草稿纸 打印书写绘画,146,2025-05-26,http://item.jd.com/100106882772.html
2025-03-02,159.0,绘威A4打印纸70g500张 5包复印纸 双面加厚草稿纸 打印书写绘画,146,2025-05-26,http://item.jd.com/100106882772.html
2025-03-03,159.0,绘威A4打印纸70g500张 5包复印纸 双面加厚草稿纸 打印书写绘画,146,2025-05-26,http://item.jd.com/100106882772.html
2025-03-03,159.0,绘威A4打印纸70g500张 5包复印纸 双面加厚草稿纸 打印书写绘画,146,2025-05-26,http://item.jd.com/100106882772.html
2025-03-04,159.0,绘威A4打印纸70g500张 5包复印纸 双面加厚草稿纸 打印书写绘画,146,2025-05-26,http://item.jd.com/100106882772.html
2025-03-04,159.0,绘威A4打印纸70g500张 5包复印纸 双面加厚草稿纸 打印书写绘画,146,2025-05-26,http://item.jd.com/100106882772.html
2025-03-05,159.0,绘威A4打印纸70g500张 5包复印纸 双面加厚草稿纸 打印书写绘画,146,2025-05-26,http://item.jd.com/100106882772.html
2025-03-05,159.0,绘威A4打印纸70g500张 5包复印纸 双面加厚草稿纸 打印书写绘画,146,2025-05-26,http://item.jd.com/100106882772.html
2025-03-06,159.0,绘威A4打印纸70g500张 5包复印纸 双面加厚草稿纸 打印书写绘画,146,2025-05-26,http://item.jd.com/100106882772.html
2025-03-06,159.0,绘威A4打印纸70g500张 5包复印纸 双面加厚草稿纸 打印书写绘画,146,2025-05-26,http://item.jd.com/100106882772.html
2025-03-07,159.0,绘威A4打印纸70g500张 5包复印纸 双面加厚草稿纸 打印书写绘画,146,2025-05-26,http://item.jd.com/100106882772.html
2025-03-07,159.0,绘威A4打印纸70g500张 5包复印纸 双面加厚草稿纸 打印书写绘画,146,2025-05-26,http://item.jd.com/100106882772.html
2025-03-08,159.0,绘威A4打印纸70g500张 5包复印纸 双面加厚草稿纸 打印书写绘画,146,2025-05-26,http://item.jd.com/100106882772.html
2025-03-08,159.0,绘威A4打印纸70g500张 5包复印纸 双面加厚草稿纸 打印书写绘画,146,2025-05-26,http://item.jd.com/100106882772.html
2025-03-09,159.0,绘威A4打印纸70g500张 5包复印纸 双面加厚草稿纸 打印书写绘画,146,2025-05-26,http://item.jd.com/100106882772.html
2025-03-09,159.0,绘威A4打印纸70g500张 5包复印纸 双面加厚草稿纸 打印书写绘画,146,2025-05-26,http://item.jd.com/100106882772.html
2025-03-10,159.0,绘威A4打印纸70g500张 5包复印纸 双面加厚草稿纸 打印书写绘画,146,2025-05-26,http://item.jd.com/100106882772.html
2025-03-10,159.0,绘威A4打印纸70g500张 5包复印纸 双面加厚草稿纸 打印书写绘画,146,2025-05-26,http://item.jd.com/100106882772.html
2025-03-11,159.0,绘威A4打印纸70g500张 5包复印纸 双面加厚草稿纸 打印书写绘画,146,2025-05-26,http://item.jd.com/100106882772.html
2025-03-11,159.0,绘威A4打印纸70g500张 5包复印纸 双面加厚草稿纸 打印书写绘画,146,2025-05-26,http://item.jd.com/100106882772.html
2025-03-12,159.0,绘威A4打印纸70g500张 5包复印纸 双面加厚草稿纸 打印书写绘画,146,2025-05-26,http://item.jd.com/100106882772.html
2025-03-12,159.0,绘威A4打印纸70g500张 5包复印纸 双面加厚草稿纸 打印书写绘画,146,2025-05-26,http://item.jd.com/100106882772.html
2025-03-13,159.0,绘威A4打印纸70g500张 5包复印纸 双面加厚草稿纸 打印书写绘画,146,2025-05-26,http://item.jd.com/100106882772.html
2025-03-13,159.0,绘威A4打印纸70g500张 5包复印纸 双面加厚草稿纸 打印书写绘画,146,2025-05-26,http://item.jd.com/100106882772.html
2025-03-14,159.0,绘威A4打印纸70g500张 5包复印纸 双面加厚草稿纸 打印书写绘画,146,2025-05-26,http://item.jd.com/100106882772.html
2025-03-14,159.0,绘威A4打印纸70g500张 5包复印纸 双面加厚草稿纸 打印书写绘画,146,2025-05-26,http://item.jd.com/100106882772.html
2025-03-15,159.0,绘威A4打印纸70g500张 5包复印纸 双面加厚草稿纸 打印书写绘画,146,2025-05-26,http://item.jd.com/100106882772.html
2025-03-15,159.0,绘威A4打印纸70g500张 5包复印纸 双面加厚草稿纸 打印书写绘画,146,2025-05-26,http://item.jd.com/100106882772.html
2025-03-16,159.0,绘威A4打印纸70g500张 5包复印纸 双面加厚草稿纸 打印书写绘画,146,2025-05-26,http://item.jd.com/100106882772.html
2025-03-16,159.0,绘威A4打印纸70g500张 5包复印纸 双面加厚草稿纸 打印书写绘画,146,2025-05-26,http://item.jd.com/100106882772.html
2025-03-17,159.0,绘威A4打印纸70g500张 5包复印纸 双面加厚草稿纸 打印书写绘画,146,2025-05-26,http://item.jd.com/100106882772.html
2025-03-17,159.0,绘威A4打印纸70g500张 5包复印纸 双面加厚草稿纸 打印书写绘画,146,2025-05-26,http://item.jd.com/100106882772.html
2025-03-18,159.0,绘威A4打印纸70g500张 5包复印纸 双面加厚草稿纸 打印书写绘画,146,2025-05-26,http://item.jd.com/100106882772.html
2025-03-18,159.0,绘威A4打印纸70g500张 5包复印纸 双面加厚草稿纸 打印书写绘画,146,2025-05-26,http://item.jd.com/100106882772.html
2025-03-19,159.0,绘威A4打印纸70g500张 5包复印纸 双面加厚草稿纸 打印书写绘画,146,2025-05-26,http://item.jd.com/100106882772.html
2025-03-19,159.0,绘威A4打印纸70g500张 5包复印纸 双面加厚草稿纸 打印书写绘画,146,2025-05-26,http://item.jd.com/100106882772.html
2025-03-20,159.0,绘威A4打印纸70g500张 5包复印纸 双面加厚草稿纸 打印书写绘画,146,2025-05-26,http://item.jd.com/100106882772.html
2025-03-20,159.0,绘威A4打印纸70g500张 5包复印纸 双面加厚草稿纸 打印书写绘画,146,2025-05-26,http://item.jd.com/100106882772.html
2025-03-21,159.0,绘威A4打印纸70g500张 5包复印纸 双面加厚草稿纸 打印书写绘画,146,2025-05-26,http://item.jd.com/100106882772.html
2025-03-21,159.0,绘威A4打印纸70g500张 5包复印纸 双面加厚草稿纸 打印书写绘画,146,2025-05-26,http://item.jd.com/100106882772.html
2025-03-22,159.0,绘威A4打印纸70g500张 5包复印纸 双面加厚草稿纸 打印书写绘画,146,2025-05-26,http://item.jd.com/100106882772.html
2025-03-22,159.0,绘威A4打印纸70g500张 5包复印纸 双面加厚草稿纸 打印书写绘画,146,2025-05-26,http://item.jd.com/100106882772.html
2025-03-23,159.0,绘威A4打印纸70g500张 5包复印纸 双面加厚草稿纸 打印书写绘画,146,2025-05-26,http://item.jd.com/100106882772.html
2025-03-23,159.0,绘威A4打印纸70g500张 5包复印纸 双面加厚草稿纸 打印书写绘画,146,2025-05-26,http://item.jd.com/100106882772.html
2025-03-24,159.0,绘威A4打印纸70g500张 5包复印纸 双面加厚草稿纸 打印书写绘画,146,2025-05-26,http://item.jd.com/100106882772.html
2025-03-24,159.0,绘威A4打印纸70g500张 5包复印纸 双面加厚草稿纸 打印书写绘画,146,2025-05-26,http://item.jd.com/100106882772.html
2025-03-25,159.0,绘威A4打印纸70g500张 5包复印纸 双面加厚草稿纸 打印书写绘画,146,2025-05-26,http://item.jd.com/100106882772.html
2025-03-25,159.0,绘威A4打印纸70g500张 5包复印纸 双面加厚草稿纸 打印书写绘画,146,2025-05-26,http://item.jd.com/100106882772.html
2025-03-26,159.0,绘威A4打印纸70g500张 5包复印纸 双面加厚草稿纸 打印书写绘画,146,2025-05-26,http://item.jd.com/100106882772.html
2025-03-26,159.0,绘威A4打印纸70g500张 5包复印纸 双面加厚草稿纸 打印书写绘画,146,2025-05-26,http://item.jd.com/100106882772.html
2025-03-27,159.0,绘威A4打印纸70g500张 5包复印纸 双面加厚草稿纸 打印书写绘画,146,2025-05-26,http://item.jd.com/100106882772.html
2025-03-27,159.0,绘威A4打印纸70g500张 5包复印纸 双面加厚草稿纸 打印书写绘画,146,2025-05-26,http://item.jd.com/100106882772.html
2025-03-28,159.0,绘威A4打印纸70g500张 5包复印纸 双面加厚草稿纸 打印书写绘画,146,2025-05-26,http://item.jd.com/100106882772.html
2025-03-27,159.0,绘威A4打印纸70g500张 5包复印纸 双面加厚草稿纸 打印书写绘画,146,2025-05-26,http://item.jd.com/100106882772.html
2025-03-28,159.0,绘威A4打印纸70g500张 5包复印纸 双面加厚草稿纸 打印书写绘画,146,2025-05-26,http://item.jd.com/100106882772.html
2025-03-27,159.0,绘威A4打印纸70g500张 5包复印纸 双面加厚草稿纸 打印书写绘画,146,2025-05-26,http://item.jd.com/100106882772.html
2025-03-28,159.0,绘威A4打印纸70g500张 5包复印纸 双面加厚草稿纸 打印书写绘画,146,2025-05-26,http://item.jd.com/100106882772.html
2025-03-27,159.0,绘威A4打印纸70g500张 5包复印纸 双面加厚草稿纸 打印书写绘画,146,2025-05-26,http://item.jd.com/100106882772.html
2025-03-28,159.0,绘威A4打印纸70g500张 5包复印纸 双面加厚草稿纸 打印书写绘画,146,2025-05-26,http://item.jd.com/100106882772.html
2025-03-31,159.0,绘威A4打印纸70g500张 5包复印纸 双面加厚草稿纸 打印书写绘画,146,2025-05-26,http://item.jd.com/100106882772.html
2025-04-01,159.0,绘威A4打印纸70g500张 5包复印纸 双面加厚草稿纸 打印书写绘画,146,2025-05-26,http://item.jd.com/100106882772.html
2025-04-01,159.0,绘威A4打印纸70g500张 5包复印纸 双面加厚草稿纸 打印书写绘画,146,2025-05-26,http://item.jd.com/100106882772.html
2025-04-02,159.0,绘威A4打印纸70g500张 5包复印纸 双面加厚草稿纸 打印书写绘画,146,2025-05-26,http://item.jd.com/100106882772.html
2025-04-02,159.0,绘威A4打印纸70g500张 5包复印纸 双面加厚草稿纸 打印书写绘画,146,2025-05-26,http://item.jd.com/100106882772.html
2025-04-03,159.0,绘威A4打印纸70g500张 5包复印纸 双面加厚草稿纸 打印书写绘画,146,2025-05-26,http://item.jd.com/100106882772.html
2025-04-03,159.0,绘威A4打印纸70g500张 5包复印纸 双面加厚草稿纸 打印书写绘画,146,2025-05-26,http://item.jd.com/100106882772.html
2025-04-04,159.0,绘威A4打印纸70g500张 5包复印纸 双面加厚草稿纸 打印书写绘画,146,2025-05-26,http://item.jd.com/100106882772.html
2025-04-04,159.0,绘威A4打印纸70g500张 5包复印纸 双面加厚草稿纸 打印书写绘画,146,2025-05-26,http://item.jd.com/100106882772.html
2025-04-05,159.0,绘威A4打印纸70g500张 5包复印纸 双面加厚草稿纸 打印书写绘画,146,2025-05-26,http://item.jd.com/100106882772.html
2025-04-05,159.0,绘威A4打印纸70g500张 5包复印纸 双面加厚草稿纸 打印书写绘画,146,2025-05-26,http://item.jd.com/100106882772.html
2025-04-06,159.0,绘威A4打印纸70g500张 5包复印纸 双面加厚草稿纸 打印书写绘画,146,2025-05-26,http://item.jd.com/100106882772.html
2025-04-06,159.0,绘威A4打印纸70g500张 5包复印纸 双面加厚草稿纸 打印书写绘画,146,2025-05-26,http://item.jd.com/100106882772.html
2025-04-07,159.0,绘威A4打印纸70g500张 5包复印纸 双面加厚草稿纸 打印书写绘画,146,2025-05-26,http://item.jd.com/100106882772.html
2025-04-07,159.0,绘威A4打印纸70g500张 5包复印纸 双面加厚草稿纸 打印书写绘画,146,2025-05-26,http://item.jd.com/100106882772.html
2025-04-08,159.0,绘威A4打印纸70g500张 5包复印纸 双面加厚草稿纸 打印书写绘画,146,2025-05-26,http://item.jd.com/100106882772.html
2025-04-08,159.0,绘威A4打印纸70g500张 5包复印纸 双面加厚草稿纸 打印书写绘画,146,2025-05-26,http://item.jd.com/100106882772.html
2025-04-09,159.0,绘威A4打印纸70g500张 5包复印纸 双面加厚草稿纸 打印书写绘画,146,2025-05-26,http://item.jd.com/100106882772.html
2025-04-09,159.0,绘威A4打印纸70g500张 5包复印纸 双面加厚草稿纸 打印书写绘画,146,2025-05-26,http://item.jd.com/100106882772.html
2025-04-10,159.0,绘威A4打印纸70g500张 5包复印纸 双面加厚草稿纸 打印书写绘画,146,2025-05-26,http://item.jd.com/100106882772.html
2025-04-10,159.0,绘威A4打印纸70g500张 5包复印纸 双面加厚草稿纸 打印书写绘画,146,2025-05-26,http://item.jd.com/100106882772.html
2025-04-11,159.0,绘威A4打印纸70g500张 5包复印纸 双面加厚草稿纸 打印书写绘画,146,2025-05-26,http://item.jd.com/100106882772.html
2025-04-11,159.0,绘威A4打印纸70g500张 5包复印纸 双面加厚草稿纸 打印书写绘画,146,2025-05-26,http://item.jd.com/100106882772.html
2025-04-12,159.0,绘威A4打印纸70g500张 5包复印纸 双面加厚草稿纸 打印书写绘画,146,2025-05-26,http://item.jd.com/100106882772.html
2025-04-12,159.0,绘威A4打印纸70g500张 5包复印纸 双面加厚草稿纸 打印书写绘画,146,2025-05-26,http://item.jd.com/100106882772.html
2025-04-13,159.0,绘威A4打印纸70g500张 5包复印纸 双面加厚草稿纸 打印书写绘画,146,2025-05-26,http://item.jd.com/100106882772.html
2025-04-13,159.0,绘威A4打印纸70g500张 5包复印纸 双面加厚草稿纸 打印书写绘画,146,2025-05-26,http://item.jd.com/100106882772.html
2025-04-14,159.0,绘威A4打印纸70g500张 5包复印纸 双面加厚草稿纸 打印书写绘画,146,2025-05-26,http://item.jd.com/100106882772.html
2025-04-14,159.0,绘威A4打印纸70g500张 5包复印纸 双面加厚草稿纸 打印书写绘画,146,2025-05-26,http://item.jd.com/100106882772.html
2025-04-15,159.0,绘威A4打印纸70g500张 5包复印纸 双面加厚草稿纸 打印书写绘画,146,2025-05-26,http://item.jd.com/100106882772.html
2025-04-15,159.0,绘威A4打印纸70g500张 5包复印纸 双面加厚草稿纸 打印书写绘画,146,2025-05-26,http://item.jd.com/100106882772.html
2025-04-16,159.0,绘威A4打印纸70g500张 5包复印纸 双面加厚草稿纸 打印书写绘画,146,2025-05-26,http://item.jd.com/100106882772.html
2025-04-16,159.0,绘威A4打印纸70g500张 5包复印纸 双面加厚草稿纸 打印书写绘画,146,2025-05-26,http://item.jd.com/100106882772.html
2025-04-17,159.0,绘威A4打印纸70g500张 5包复印纸 双面加厚草稿纸 打印书写绘画,146,2025-05-26,http://item.jd.com/100106882772.html
2025-04-17,159.0,绘威A4打印纸70g500张 5包复印纸 双面加厚草稿纸 打印书写绘画,146,2025-05-26,http://item.jd.com/100106882772.html
2025-04-18,159.0,绘威A4打印纸70g500张 5包复印纸 双面加厚草稿纸 打印书写绘画,146,2025-05-26,http://item.jd.com/100106882772.html
2025-04-18,159.0,绘威A4打印纸70g500张 5包复印纸 双面加厚草稿纸 打印书写绘画,146,2025-05-26,http://item.jd.com/100106882772.html
2025-04-19,159.0,绘威A4打印纸70g500张 5包复印纸 双面加厚草稿纸 打印书写绘画,146,2025-05-26,http://item.jd.com/100106882772.html
2025-04-19,159.0,绘威A4打印纸70g500张 5包复印纸 双面加厚草稿纸 打印书写绘画,146,2025-05-26,http://item.jd.com/100106882772.html
2025-04-20,159.0,绘威A4打印纸70g500张 5包复印纸 双面加厚草稿纸 打印书写绘画,146,2025-05-26,http://item.jd.com/100106882772.html
2025-04-20,159.0,绘威A4打印纸70g500张 5包复印纸 双面加厚草稿纸 打印书写绘画,146,2025-05-26,http://item.jd.com/100106882772.html
2025-04-21,159.0,绘威A4打印纸70g500张 5包复印纸 双面加厚草稿纸 打印书写绘画,146,2025-05-26,http://item.jd.com/100106882772.html
2025-04-21,159.0,绘威A4打印纸70g500张 5包复印纸 双面加厚草稿纸 打印书写绘画,146,2025-05-26,http://item.jd.com/100106882772.html
2025-04-22,159.0,绘威A4打印纸70g500张 5包复印纸 双面加厚草稿纸 打印书写绘画,146,2025-05-26,http://item.jd.com/100106882772.html
2025-04-22,159.0,绘威A4打印纸70g500张 5包复印纸 双面加厚草稿纸 打印书写绘画,146,2025-05-26,http://item.jd.com/100106882772.html
2025-04-23,159.0,绘威A4打印纸70g500张 5包复印纸 双面加厚草稿纸 打印书写绘画,146,2025-05-26,http://item.jd.com/100106882772.html
2025-04-23,159.0,绘威A4打印纸70g500张 5包复印纸 双面加厚草稿纸 打印书写绘画,146,2025-05-26,http://item.jd.com/100106882772.html
2025-04-24,159.0,绘威A4打印纸70g500张 5包复印纸 双面加厚草稿纸 打印书写绘画,146,2025-05-26,http://item.jd.com/100106882772.html
2025-04-24,159.0,绘威A4打印纸70g500张 5包复印纸 双面加厚草稿纸 打印书写绘画,146,2025-05-26,http://item.jd.com/100106882772.html
2025-04-25,159.0,绘威A4打印纸70g500张 5包复印纸 双面加厚草稿纸 打印书写绘画,146,2025-05-26,http://item.jd.com/100106882772.html
2025-04-25,159.0,绘威A4打印纸70g500张 5包复印纸 双面加厚草稿纸 打印书写绘画,146,2025-05-26,http://item.jd.com/100106882772.html
2025-04-26,159.0,绘威A4打印纸70g500张 5包复印纸 双面加厚草稿纸 打印书写绘画,146,2025-05-26,http://item.jd.com/100106882772.html
2025-04-26,159.0,绘威A4打印纸70g500张 5包复印纸 双面加厚草稿纸 打印书写绘画,146,2025-05-26,http://item.jd.com/100106882772.html
2025-04-27,159.0,绘威A4打印纸70g500张 5包复印纸 双面加厚草稿纸 打印书写绘画,146,2025-05-26,http://item.jd.com/100106882772.html
2025-04-27,159.0,绘威A4打印纸70g500张 5包复印纸 双面加厚草稿纸 打印书写绘画,146,2025-05-26,http://item.jd.com/100106882772.html
2025-04-28,159.0,绘威A4打印纸70g500张 5包复印纸 双面加厚草稿纸 打印书写绘画,146,2025-05-26,http://item.jd.com/100106882772.html
2025-04-28,159.0,绘威A4打印纸70g500张 5包复印纸 双面加厚草稿纸 打印书写绘画,146,2025-05-26,http://item.jd.com/100106882772.html
2025-04-29,159.0,绘威A4打印纸70g500张 5包复印纸 双面加厚草稿纸 打印书写绘画,146,2025-05-26,http://item.jd.com/100106882772.html
2025-04-29,159.0,绘威A4打印纸70g500张 5包复印纸 双面加厚草稿纸 打印书写绘画,146,2025-05-26,http://item.jd.com/100106882772.html
2025-04-30,159.0,绘威A4打印纸70g500张 5包复印纸 双面加厚草稿纸 打印书写绘画,146,2025-05-26,http://item.jd.com/100106882772.html
2025-04-30,159.0,绘威A4打印纸70g500张 5包复印纸 双面加厚草稿纸 打印书写绘画,146,2025-05-26,http://item.jd.com/100106882772.html
2025-05-01,159.0,绘威A4打印纸70g500张 5包复印纸 双面加厚草稿纸 打印书写绘画,146,2025-05-26,http://item.jd.com/100106882772.html
2025-05-01,159.0,绘威A4打印纸70g500张 5包复印纸 双面加厚草稿纸 打印书写绘画,146,2025-05-26,http://item.jd.com/100106882772.html
2025-05-02,159.0,绘威A4打印纸70g500张 5包复印纸 双面加厚草稿纸 打印书写绘画,146,2025-05-26,http://item.jd.com/100106882772.html
2025-05-02,159.0,绘威A4打印纸70g500张 5包复印纸 双面加厚草稿纸 打印书写绘画,146,2025-05-26,http://item.jd.com/100106882772.html
2025-05-03,159.0,绘威A4打印纸70g500张 5包复印纸 双面加厚草稿纸 打印书写绘画,146,2025-05-26,http://item.jd.com/100106882772.html
2025-05-03,159.0,绘威A4打印纸70g500张 5包复印纸 双面加厚草稿纸 打印书写绘画,146,2025-05-26,http://item.jd.com/100106882772.html
2025-05-04,159.0,绘威A4打印纸70g500张 5包复印纸 双面加厚草稿纸 打印书写绘画,146,2025-05-26,http://item.jd.com/100106882772.html
2025-05-04,159.0,绘威A4打印纸70g500张 5包复印纸 双面加厚草稿纸 打印书写绘画,146,2025-05-26,http://item.jd.com/100106882772.html
2025-05-05,159.0,绘威A4打印纸70g500张 5包复印纸 双面加厚草稿纸 打印书写绘画,146,2025-05-26,http://item.jd.com/100106882772.html
2025-05-05,159.0,绘威A4打印纸70g500张 5包复印纸 双面加厚草稿纸 打印书写绘画,146,2025-05-26,http://item.jd.com/100106882772.html
2025-05-06,159.0,绘威A4打印纸70g500张 5包复印纸 双面加厚草稿纸 打印书写绘画,146,2025-05-26,http://item.jd.com/100106882772.html
2025-05-06,159.0,绘威A4打印纸70g500张 5包复印纸 双面加厚草稿纸 打印书写绘画,146,2025-05-26,http://item.jd.com/100106882772.html
2025-05-07,159.0,绘威A4打印纸70g500张 5包复印纸 双面加厚草稿纸 打印书写绘画,146,2025-05-26,http://item.jd.com/100106882772.html
2025-05-07,159.0,绘威A4打印纸70g500张 5包复印纸 双面加厚草稿纸 打印书写绘画,146,2025-05-26,http://item.jd.com/100106882772.html
2025-05-08,159.0,绘威A4打印纸70g500张 5包复印纸 双面加厚草稿纸 打印书写绘画,146,2025-05-26,http://item.jd.com/100106882772.html
2025-05-08,159.0,绘威A4打印纸70g500张 5包复印纸 双面加厚草稿纸 打印书写绘画,146,2025-05-26,http://item.jd.com/100106882772.html
2025-05-09,159.0,绘威A4打印纸70g500张 5包复印纸 双面加厚草稿纸 打印书写绘画,146,2025-05-26,http://item.jd.com/100106882772.html
2025-05-09,159.0,绘威A4打印纸70g500张 5包复印纸 双面加厚草稿纸 打印书写绘画,146,2025-05-26,http://item.jd.com/100106882772.html
2025-05-10,159.0,绘威A4打印纸70g500张 5包复印纸 双面加厚草稿纸 打印书写绘画,146,2025-05-26,http://item.jd.com/100106882772.html
2025-05-10,159.0,绘威A4打印纸70g500张 5包复印纸 双面加厚草稿纸 打印书写绘画,146,2025-05-26,http://item.jd.com/100106882772.html
2025-05-11,159.0,绘威A4打印纸70g500张 5包复印纸 双面加厚草稿纸 打印书写绘画,146,2025-05-26,http://item.jd.com/100106882772.html
2025-05-11,159.0,绘威A4打印纸70g500张 5包复印纸 双面加厚草稿纸 打印书写绘画,146,2025-05-26,http://item.jd.com/100106882772.html
2025-05-12,159.0,绘威A4打印纸70g500张 5包复印纸 双面加厚草稿纸 打印书写绘画,146,2025-05-26,http://item.jd.com/100106882772.html
2025-05-12,159.0,绘威A4打印纸70g500张 5包复印纸 双面加厚草稿纸 打印书写绘画,146,2025-05-26,http://item.jd.com/100106882772.html
2025-05-13,159.0,绘威A4打印纸70g500张 5包复印纸 双面加厚草稿纸 打印书写绘画,146,2025-05-26,http://item.jd.com/100106882772.html
2025-05-13,159.0,绘威A4打印纸70g500张 5包复印纸 双面加厚草稿纸 打印书写绘画,146,2025-05-26,http://item.jd.com/100106882772.html
2025-05-14,159.0,绘威A4打印纸70g500张 5包复印纸 双面加厚草稿纸 打印书写绘画,146,2025-05-26,http://item.jd.com/100106882772.html
2025-05-14,159.0,绘威A4打印纸70g500张 5包复印纸 双面加厚草稿纸 打印书写绘画,146,2025-05-26,http://item.jd.com/100106882772.html
2025-05-15,146.0,绘威A4打印纸70g500张 5包复印纸 双面加厚草稿纸 打印书写绘画,146,2025-05-26,http://item.jd.com/100106882772.html
2025-05-15,146.0,绘威A4打印纸70g500张 5包复印纸 双面加厚草稿纸 打印书写绘画,146,2025-05-26,http://item.jd.com/100106882772.html
2025-05-16,159.0,绘威A4打印纸70g500张 5包复印纸 双面加厚草稿纸 打印书写绘画,146,2025-05-26,http://item.jd.com/100106882772.html
2025-05-16,159.0,绘威A4打印纸70g500张 5包复印纸 双面加厚草稿纸 打印书写绘画,146,2025-05-26,http://item.jd.com/100106882772.html
2025-05-17,159.0,绘威A4打印纸70g500张 5包复印纸 双面加厚草稿纸 打印书写绘画,146,2025-05-26,http://item.jd.com/100106882772.html
2025-05-17,159.0,绘威A4打印纸70g500张 5包复印纸 双面加厚草稿纸 打印书写绘画,146,2025-05-26,http://item.jd.com/100106882772.html
2025-05-18,159.0,绘威A4打印纸70g500张 5包复印纸 双面加厚草稿纸 打印书写绘画,146,2025-05-26,http://item.jd.com/100106882772.html
2025-05-18,159.0,绘威A4打印纸70g500张 5包复印纸 双面加厚草稿纸 打印书写绘画,146,2025-05-26,http://item.jd.com/100106882772.html
2025-05-19,146.0,绘威A4打印纸70g500张 5包复印纸 双面加厚草稿纸 打印书写绘画,146,2025-05-26,http://item.jd.com/100106882772.html
2025-05-19,146.0,绘威A4打印纸70g500张 5包复印纸 双面加厚草稿纸 打印书写绘画,146,2025-05-26,http://item.jd.com/100106882772.html
2025-05-20,159.0,绘威A4打印纸70g500张 5包复印纸 双面加厚草稿纸 打印书写绘画,146,2025-05-26,http://item.jd.com/100106882772.html
2025-05-20,159.0,绘威A4打印纸70g500张 5包复印纸 双面加厚草稿纸 打印书写绘画,146,2025-05-26,http://item.jd.com/100106882772.html
2025-05-21,159.0,绘威A4打印纸70g500张 5包复印纸 双面加厚草稿纸 打印书写绘画,146,2025-05-26,http://item.jd.com/100106882772.html
2025-05-21,159.0,绘威A4打印纸70g500张 5包复印纸 双面加厚草稿纸 打印书写绘画,146,2025-05-26,http://item.jd.com/100106882772.html
2025-05-22,159.0,绘威A4打印纸70g500张 5包复印纸 双面加厚草稿纸 打印书写绘画,146,2025-05-26,http://item.jd.com/100106882772.html
2025-05-22,159.0,绘威A4打印纸70g500张 5包复印纸 双面加厚草稿纸 打印书写绘画,146,2025-05-26,http://item.jd.com/100106882772.html
2025-05-23,146.0,绘威A4打印纸70g500张 5包复印纸 双面加厚草稿纸 打印书写绘画,146,2025-05-26,http://item.jd.com/100106882772.html
2025-05-23,146.0,绘威A4打印纸70g500张 5包复印纸 双面加厚草稿纸 打印书写绘画,146,2025-05-26,http://item.jd.com/100106882772.html
2025-05-24,159.0,绘威A4打印纸70g500张 5包复印纸 双面加厚草稿纸 打印书写绘画,146,2025-05-26,http://item.jd.com/100106882772.html
2025-05-24,159.0,绘威A4打印纸70g500张 5包复印纸 双面加厚草稿纸 打印书写绘画,146,2025-05-26,http://item.jd.com/100106882772.html
2025-05-25,159.0,绘威A4打印纸70g500张 5包复印纸 双面加厚草稿纸 打印书写绘画,146,2025-05-26,http://item.jd.com/100106882772.html
2025-05-25,159.0,绘威A4打印纸70g500张 5包复印纸 双面加厚草稿纸 打印书写绘画,146,2025-05-26,http://item.jd.com/100106882772.html
2025-05-26,146.0,绘威A4打印纸70g500张 5包复印纸 双面加厚草稿纸 打印书写绘画,146,2025-05-26,http://item.jd.com/100106882772.html
2025-05-26,146.0,绘威A4打印纸70g500张 5包复印纸 双面加厚草稿纸 打印书写绘画,146,2025-05-26,http://item.jd.com/100106882772.html
2025-05-27,159.0,绘威A4打印纸70g500张 5包复印纸 双面加厚草稿纸 打印书写绘画,146,2025-05-26,http://item.jd.com/100106882772.html
2025-05-26,159.0,绘威A4打印纸70g500张 5包复印纸 双面加厚草稿纸 打印书写绘画,146,2025-05-26,http://item.jd.com/100106882772.html
2025-05-27,159.0,绘威A4打印纸70g500张 5包复印纸 双面加厚草稿纸 打印书写绘画,146,2025-05-26,http://item.jd.com/100106882772.html
